text,is_ai_generated,source,domain,prompt_group
Experian has once again added an account onto to my credit report without providing notice 5 business days prior to reinserting item. Section 1681 violation of FCRA rules. Account name ; portfolio recovery and associates. Original creditor redacted redacted. Neither Experian or portfolio recovery and associates can either validate or verify this account. A violation of fcra rules section 1681,0,human_cfpb_complaints,dispute,3692560
"I have filed several complaints about Ocwen Loan Servicing about inaccuracies they have reported to the credit bureau. They removed it after I filed several disputes, However it has returned on my credit report on a date causing me to drop 40 points. I was told by a PHH representative that It has been reported that on redacted of redacted I was redacted dats past due during a transitional period when my loan was transferred from Ocwen to PHH. I have pulled my credit report and it only shows I was late in redacted & redacted of redacted. I have researched my payment history with my bank and found redacted payments that appears to be made in redacted and redacted in redacted that verifies I was on time. I have attached the proof documents to this complaint.",0,human_cfpb_complaints,dispute,4624055
"redacted redacted redacted. redacted redacted, redacted redacted redacted, redacted redacted redacted redacted, In accordance with the Fair Credit Reporting act redacted Account # redacted, has violated my rights. 15 U.S.C 1681 section 602 A. States I have the right to privacy. 15 U.S.C 1681 Section 604 A Section 2 : It also states a consumer reporting agency can not furnish an account without my written instructions",0,human_cfpb_complaints,dispute,6070320
"am sending again a complaint in regards to the inaccurate and unknown things on my credit report. It has been over many days and I have not received a response yet. There are multiple errors shown in my report. Please verify that all information is 100 percent true, accurate, correct, and is not untimely, unverifiable, incomplete, or inaccurate. Please remove these items. Do so, to comply with FCRA which requires all reporting to be 100 % accurate. Here are the list of items that needs to be delete in my file redacted redacted redacted redacted redacted redacted redacted redacted redacted redacted redacted redacted",0,human_cfpb_complaints,dispute,6070678
I filed a dispute concerning inaccurate information on my credit report. It's been well over 30 days ( it's actually been months ) and I haven't received any investigation results.,0,human_cfpb_complaints,dispute,4066386
redacted redacted redacted redacted has falsely reported items on my Lexis Nexis C.L.U.E . report.,0,human_cfpb_complaints,dispute,5762825
"I sent a letter on redacted/redacted/2022, to remove these accounts that are UNKNOWN to me. I came across this law today and according to the Per FCRA 605B ( 15 U.S.C. 1681c-2 ) you are required to remove/block any accounts or information not later than 4 business days after a date. Ive already included this in my previous Complaint redacted & I am including it again. Please do immediate action regarding this matter. redacted redacted redacted : an amount redacted redacted redacted an amount",0,human_cfpb_complaints,dispute,5768817
I have gone back and forth with the creditor but my reported information is not being reported accurately and to the fullest. information is being report differently among all CRAs which is a violation of Furnisher Rule 660.4 ( a ),0,human_cfpb_complaints,dispute,4268661
"We bank with Bank of America. At times, and seemingly only when large deposit amounts are involved, they will put deposits on hold for as many as 10 days. There is never a good explanation. Excuses we have heard : 1. Can't tell if the paying entity has funds in their account - The paying entity was a multi-million dollar company fulled owned by a large private equity group that used redacted redacted redacted as their bank. 2. Potential that there could be a history of fraud on the part of the paying entity. - Were unable to share any such example of the paying entity. 3.",0,human_cfpb_complaints,dispute,4061660
"Equifax reports a date of last activity of a date while the other bureaus report different dates ( redacted reports a date and redacted reports a date ), which is a clear indication that this account was illegally re-aged. Equifax also lists this CLOSED account as OPEN and continued to report positive payments on a closed account.",0,human_cfpb_complaints,dispute,5758103
I submitted a dispute to the credit bureaus on redacted/redacted/2021 and still haven't received a response by mail. It has been over 60 days and i will not wait another 45 days for no response. I will file a complaint with the redacted redacted redacted and the Federal Trade Commission since i am not aware of these accounts. This has caused stress to my life. Please remove these account immediately.,0,human_cfpb_complaints,dispute,4734501
"My bank charged me over an amount because of the fake check that was deposited through their branch. It was deposited in redacted, and the bank charged me on a date. I immediately filed a claim, and the banker that was assigned to my claim ended up closing the case, even though it was impossible to miss that the transaction was a check fraud. After I've spent hour and days trying to escalate the claim they promised that my claim will be expedited and my claim assignee will call me back. She never did. The bank let the person committing the fraud to deposit and later cash out a check that had a fake signature, and they let the criminal to get away with it and the claim assignee wasn't held accountable for it.",0,human_cfpb_complaints,dispute,5322228
I am writing to delete the following information in my file. The item I need deleted are listed in the report. I am a victim of identity theft and did not make the charge. I ask that the item be deleted to correct my credit report.I reported the theft of my identity to the Federal Trade Commission and I also have enclosed copies of the Federal Trade Commissions Identity Theft Affidavit. Please delete the items as soon as possible.,0,human_cfpb_complaints,dispute,5916211
"I have disputed three ( 3 ) accounts from redacted redacted more than three ( 3 ) times with redacted, Experian and redacted. These accounts are listed as : redacted redacted : an amount redacted redacted : an amount redacted redacted : an amount redacted redacted is reporting this inaccurate information to all three credit bureaus. I have the right to a fair and accurate credit report,",0,human_cfpb_complaints,dispute,3524007
"I have an account with SELF FINANCIAL INCredacted redacted with the Account # redacted. This account inaccurately reported late payments from my credit report in redacted, redacted and redacted. I never received a mailed statement where it indicates I was overdue. If I received a mailed statement I would probably make a payment immediately. This creditor violated 15 USC 1666B this is a billing error and paid as agreed on time.",0,human_cfpb_complaints,dispute,5283627
The 3 credit reporting agencies has an increased balance ( over an amount ) on my credit report. My mortgage company has the correct balance. Its almost impossible to speak with anyone at these credit reporting agencies. They have erroneous information on my account. I would like them to remove the extra amount. They didnt get the information from the mortgage company. The credit scores for redacted is redacted points lower than the other 2. This is not fair to consumers. I need help in removing the incorrect an amount from my credit report. Thank you.,0,human_cfpb_complaints,dispute,4304034
"I am having difficulties with buying a house and applying for new credit cards. I paid the collection redacted redacted Reported : redacted. redacted, 2019 and do not owe anything, but the mark in my credit reports prevents me from achieving the desired results. I am kindly requesting to remove this collection from my credit reports as a gesture of goodwill. Doing so would sincerely be appreciated and represent an invaluable gift to my family and me.",0,human_cfpb_complaints,dispute,4068155
I have sent a prev. dispute detailing my situation and what items should be removed in leu of the situation. I also asked for particular information if these accounts were not removed but was not provided to me upon completion of the requested investigation.,0,human_cfpb_complaints,dispute,5812490
"I have a decently large amount of cryptocurrency that Binance.US will not let me sell, withdraw, or trade. They claim its because a returned ACH but I have covered that owed balance plus more. They ignored everything I said about paying that balance in their response email and brushed me to the side. I haven't been able to access MY money on binance because of this since a date. My support ticket for their site is redacted",0,human_cfpb_complaints,dispute,4381826
"redacted redacted send me to collections for an account that is already paid! Midland collection Agency called me a few times to try to collect on a debt that is paid off. I called redacted redacted and they said the account was send to collections with "" Midland collection Agency '' I have called a few times already, to take care of the issue, I dont get any help from both parties. and it shows on my credit as collection account.",0,human_cfpb_complaints,dispute,3499412
Letter a date Dispute redacted says We've issued a permanet credit an amount What date did merchant pay? THIS IS A NEW PURCHASE a date Letter a date an amount Permanet Credit became a NEW PURCHASE a date What date did merchant pay this? a date Dispute redacted an amount What date did merchant credit? What date did USAA credit?,0,human_cfpb_complaints,dispute,3498716
"I just checked my credit history and noticed I have a delinquent account with a pending collection attempt that has adversely effected my credit score. This is the first time I am aware of this situation, and I am unaware of what the debt is in reference to. I have a perfect credit score, and history - and this debt owed of an amount as stated in my score has changed all of that. I would like this derogatory item explained and removed asap, and am willing to do anything I can to assist in its removal from my credit history. If its real debt owed, ill be happy to pay the amount - so long as they can communicate what its for and promise removal of it from my credit history. This is clearly some oversight and some mistake.",0,human_cfpb_complaints,dispute,3946820
"You're required to obtain verification from the DATA FURNISHER and the court sent me the attached affidavit telling me that they don't verify any information with you, so HOW is anything else considered legal verification? This needs to be removed immediately from my credit report U.S Bankruptcy- redacted",0,human_cfpb_complaints,dispute,4693922
I demand the deletion of the fraudulent inquiries and public record listed below which all resulted from the Reported Incident of Identity Theft. FRAUDULENT AND INACCURATE INQUIRIES THAT SHOULD BE DELETED : 1. redacted redacted on redacted/redacted/2019 ( Reported Identity Theft ) THE UNVERIFIED AND INCORRECT PUBLIC RECORD ITEMS BELOW SHOULD BE DELETED : 1. Bankruptcy : Discharged CH-redacted. THIS ITEM DOES NOT BELONG TO ME! Reference # redacted. Inaccurately posted on redacted/redacted/2019. 2. Bankruptcy Chapter redactedDischarged. THIS ITEM DOES NOT BELONG TO ME! Reference # redacted. Inaccurately posted on redacted/redacted/2019.,0,human_cfpb_complaints,dispute,4284029
"I have tried numerous times to access my online account ; I can only access my credit info on Transunion through redacted if I pay for the three credit reports every month or redacted redacted, but I can't dispute anything on my credit report unless it's through a 3rd party credit repair agency. Still, I don't want to pay someone for something I can do myself, so I stopped paying it. I cant create a complaint online when I can't access that. I called about a year ago, and the agent couldn't verify my identity, so they would not unlock my account. I have recently started along again, and the automated service hangs up on me, and I can not get a live person with TransUnion.",0,human_cfpb_complaints,dispute,6173530
"In accordance with the fair credit Reporting act redacted Account # redacted, has violated my rights. 1 5 USC 1681 Section 602 States I have the right to privacy. 15 USC 1681 Section 604 A Section 2 : It also states a consumer reporting agency can not furnish a account without my written instructions. 15 USC 1666B : A creditor may not treat a payment on a credit card account under an open end consumer credit plan as late for any purpose.",0,human_cfpb_complaints,dispute,5589675
"DISCOVER FIN SVCS LLC Date Opened : a date on redacted. a date on redacted Credit Limit : an amount on redacted. an amount on redacted Last Reported : redactedon redacted. redactedon redacted Date Last Active redacted a date on redacted. a date on redacted Date of Last Payment : a date on redacted on redacted This account is being reported with two different dates of last activity, payments, reported, credit limit, and date opened. If this account is being reported by the same source, why is everything different? Need it deleted for being inaccurate reporting from my redacted and redacted. This is a violation of reporting false information BY DISCOVER on my credit report.",0,human_cfpb_complaints,dispute,4761538
"On redacted I sent a letter regarding inaccurate and unknown things in my credit report. To this day over 30 days later I have not received a response yet. I feel like im being taken advantage of and being ignored of my disputes. Section 611 ( a ), it is plainly that a failure to investigate these items within 30 days gives a reason to immediately remove those items from my credit report it has been 30 days so they should be deleted promptly. I demand these accounts be deleted immediately or I will file for litigation due to the stress you caused me. My information was also impacted by the redacted data breach and my have gotten into the hands of the wrong person.",0,human_cfpb_complaints,dispute,4208992
My mortgage was sold to another mortgage company. Equifax reduce my credit report by 21 points and refused to investigate and correct this situation after talking to them over the phone. They place the blame on the mortgage company.,0,human_cfpb_complaints,dispute,3458320
"Submitted dispute letters to redacted, redacted redacted Transunion for redacted redacted redacted redacted I did not open. Submitted redacted round letters redacted/redacted/2022 and redacted/redacted/202redacted redacted",0,human_cfpb_complaints,dispute,5637786
"In accordance with the Fair Credit Reporting Act redacted Account # redacted, has violated my rights. 15USC 1681 Section 602 States that I have the right to privacy 15 USC 1681 Section 604 A Section 2 : It also states a consumer reporting agency can not furnish an account without my written instructions. 15 USC 1666B : A creditor may not treat a payment on a credit card account under an open end consumer credit plan as late for any purpose.",0,human_cfpb_complaints,dispute,5657298
"Regarding an older collection debt an amount from redacted that had fell off my credit report. It has now reappeared in a date by a collection company called Credit Corp Solutions reporting that this account was opened in a date, so it looks like they have re-aged a fairly old debt without any communication with or from me that could actually re-age it. This is fraudulent behavior. I have not at any time been in contact with any agency regarding this account.",0,human_cfpb_complaints,dispute,4532578
I already have a PayPal account. When I saw the inquiry on my report I was confused because I have an account. I called the company and they had my last 4 of my SSN as redacted which its redacted. I didn't apply for new PayPal credit because I've had it for years. It needs to be removed!,0,human_cfpb_complaints,dispute,4022436
My name is redacted redacted redacted someone had opened a bank account in my name in a different city. USAA was the bank they were bouncing an amount checks Until it reached in about redacted in fraudulent cash.,0,human_cfpb_complaints,dispute,5056242
"Back in 2009 I filed for BK included redacted redacted redacted my Morgage company at that time. After the BK cleared they still refused to take over the house. I have called and written to them asking them to stop postponing the foreclosure date and even tried the dead in lue. After that they sold my account to redacted and then to NationStar Morgage. I have tried with all these companies to have them stop postponing the foreclosure date and the dead in lie. No luck. I have the HOA taking me to court for the last 2yrs. I have no income coming in. This has been more than 5yrs, why do they keep denying my dead in leu and keep stoping the foreclosure? I do n't know what else to do. Please help.",0,human_cfpb_complaints,dispute,1446650
TransUnion is reporting the following items inaccurately ( see enclosed ). This violates the FCRA.,0,human_cfpb_complaints,dispute,3463203
I CALLED ARC MANAGEMENT ON redacted/redacted/2019 TO ASK THEM WHY THEY PUT AN ACCOUNT ON MY CREDIT REPORT THAT WAS TAKEN OFF ON redacted/redacted/2019. SHE PRECEDED TO TELL ME THAT I HAD 19 CASES COME THROUGH HER OFFICE. I TOLD HER THEY ARE NOT ON MY CREDIT REPORT AND AREN'T RELEVANT TO THIS CONVERSATION. I TOLD HER THAT SHE WAS TALKING TO ME LIKE SHE HAD NO PATIENCE TO HELP ME WITH MY PROBLEM. I ASKED IF THE CALL WAS RECORDED BEFORE THE LADY TOLD ME THEY SOLD THE DEBT BACK TO THE ORIGINAL CREDITOR. I THEN ASKED WELL WHY DID YOUR COMPANY PLACE IT BACK ON MY CREDIT REPORT IF YOU DON'T OWN THE DEBT ANYMORE. I ASKED IF THIS WAS ILLEGAL AND THE LADY SAID IT WASN'T ILLEGAL TO REPLACE A DEBT THAT WAS DISPUTED AND TAKEN OFF THE CREDIT REPORT. I WANT THIS DEBT OFF MY REPORT.,0,human_cfpb_complaints,dispute,3225389
Complaint against BAYSIDE capital services Total amount to settle account an amount Verbally agreed and set up an amount payment for redacted/redacted/2021. They withdrew the an amount plus an additional an amount on the redacted of redacted/redacted/2021. They wrongfully withdrew another an amount on redacted/redacted/2021. When I called they told me to call my bank to get the funds because they have no history of them taking the an amount redacted redacted was rude and unapologetic After they wrongfully pulled out the additional an amount they sent me a letter saying my account was paid off.,0,human_cfpb_complaints,dispute,4267004
"this account is unknown to me, I have no knowledge of the account. I never recieved proof that the account belong to me.",0,human_cfpb_complaints,dispute,4070144
"I have come to the understanding that Syndicated Office Systems and Central Financial Control are one in the same. However, they are each on my credit score as seperate Company names, but with the same redacted accounts and amounts for each. I will not pay the same bill twice through each company.",0,human_cfpb_complaints,dispute,2395129
Capital One had a billing error on my account. The billing error resulted in a late payment. Please remove the late payment.,0,human_cfpb_complaints,dispute,6109592
redacted/redacted/2021 I received a letter from Chase bank saying they would be closing all of my business bank accounts with Chase. The letter stated they would be ending our relationship with Chase and closing our accounts. We received no warning and zero further clarification/information after contacting them via telephone and after visiting them at the branch. We believe this is unfair and unlawful business practices.,0,human_cfpb_complaints,dispute,4189763
"In accordance with the Fair Credit Reporting act, the accounts listed below has violated my rights. redacted redacted redacted redacted redacted redacted redacted redacted redacted redacted redacted redacted redacted redacted 15 U.S.C 1681 Section 602 A. States I have the right to privacy 15 U.S.C 1681 Section 604 A Section 2 : it also states a consumer reporting agency can not furnish a account without my written instruction.",0,human_cfpb_complaints,dispute,5369855
"It is my genuine opinion of Nationstar d/b/a Mr Cooper ( "" Mr. Cooper '' ) have given me, as a retired veteran a furious anger for their cooperation. Since 2010 I have been trying to refinance or modify my interest only loan for a permanent and fixed loan. I have gotten nothing but denial letters. However, you keep taking my financial information over and over. As a retired veteran never have I experienced such disregarded for the sacrifices I have put my life on the line for. What an incredible experience of disappointment, today my mortgage note is over 5,000 with still denial to modify.",0,human_cfpb_complaints,dispute,3042415
"redacted redacted ( "" redacted '' ) Credit placed a hard inquiry on my crdit report. The inquiry is reflected on my credit report with at least 3 major CRAs. I requested that redacted provide me strict proof, including a signed contract, via U.S. certified mail. I requested a reasonable review within 30 days upon receipt of my debt validation letter. I have not received a certified response from redacted. The hard inquiry has not been removed within 15 days of my letter.",0,human_cfpb_complaints,dispute,4622696
"Pursuant to my rights under the provisions of Public laws 95-109 and 99-361, known collectively as the Fair Debt Collection Practices Act ( FDCPA ) and other State and Federal Debt Collection Laws, I formally notify you to cease all communications with me regarding this alleged debt or any other alleged debts that you claim I owe. This debt does not belong to me, so cease all communication. Including any negative reporting to credit companies, as that is also communication to me through an alternate outlet.",0,human_cfpb_complaints,dispute,6070189
"I was contacted by Allied Account Services Inc, redacted redacted redacted, redacted, NY redacted, phone # redacted redacted. I redacted redacted in R.I. that rents units to various tenants. These tenants set up individual accounts for utilities with redacted redacted ( R.I. ). A tenant did not pay their bills. I called redacted redacted, as far as they were concerned, I was not liable, but this collection agency just wanted anyone associated to try to collect. They have reported me as in debt and are trying to ruin my credit rating!",0,human_cfpb_complaints,dispute,3544650
"Chime bank froze my account which had redacted $ or close to that number, I have tried calling and emailing their tech support but the scalations from one manager to another seems to never end, I have not receive any updates about my funds, is been almost 6 months of them holding my money and I have received no calls or emails regarding this, it is the worst customer service I ever received from an online banking app. I would like to get my funds ASAP.",0,human_cfpb_complaints,dispute,4409517
I reviewed my credit report and it is reflecting a Bankruptcy which is in error as I have never filed for bankruptcy. The docket number reported is redacted,0,human_cfpb_complaints,dispute,3469900
"My credit report had dropped severely in early redacted - I looked into it and found a credit account that had been opened that I did not open or know about. I learned it was opened in a date - an redacted credit card. I reported it as fraud and it was closed in a date, but it still shows on my credit account as an account under my name that had late payments. It is still affecting my credit score.",0,human_cfpb_complaints,dispute,4052078
"Back in redacted/redacted/2021, I was late paying my mortgage payment. I tried via phone and through the website to pay. The phone system said the payment had gone through though it had not. Trying to pay online was also extremely difficult and convoluted. After I had finally made the payment, it was late and reported to the credit bureau as delinquent even though I had attempted repeatedly to make the payment. I reached out to the company twice to ask them to remove the reporting. Not only did they not remove it, they did not even listen to my complaintjust sent an automated response. I would like them to remove the reporting and improve their methods of accepting payments.",0,human_cfpb_complaints,dispute,4830697
I redacted redacted am a victim of identity theft and fraud. TRANSUNION IS VIOLATING MY RIGHTS BY REPORTING FALSE INACCURATE ACCOUNTS ON MY CREDIT FILE. THESE ACCOUNTS WERE OPEN FRAUDULENTLY IN MY NAME. THIS IS MY FOURTH ATTEMPT WRITING TRANSUNION ABOUT THIS MATTER. THEY HAVE NOT RESPONDED TO MY DISPUTES OR MADE ANY CHANGES. I AM GOING TO HAVE MY ATTORNEY TAKE THEM TO COURT BECAUSE THIS IS A VIOLATION OF THE FAIR CREDIT REPORTING ACT.,0,human_cfpb_complaints,dispute,4083675
I have submitted multiple letters to this company to validate this debt that they say i owe. This company has not submitted the proper documentation to support that this debt belongs to me. They have not provided the proper paperwork with my signature on it to validate debt.,0,human_cfpb_complaints,dispute,3355338
I have requested many times to have the following unknown addresses and employer Deleted from my Credit Report. The addresses are coming back verified because they are addresses belonging to my relatives that the creditors have sent documents to without my permission. Experian redacted redacted - redacted redacted redacted redacted redacted redacted TX redacted redacted redacted redacted - redacted redacted redacted redacted redacted redacted CA redacted redacted redacted redacted - Employer : redacted redacted redacted,0,human_cfpb_complaints,dispute,5196006
I was advised by cash app customer support that the an amount and an amount payments to $ redacted were successfully refunded on redacted/redacted/22 AT redacted redacted to my linked debit card ending in redacted prior to filing a payment dispute with my card-issuing bank ( redacted ) on redacted/redacted/22 AT redacted redacted. I have contacted my bank ( redacted ) and they advised me that they have never received a refund from cash app regarding these payments. The payments were unauthorized and were a scam. The card ending in redacted was stolen and a new card had to be ordered.,0,human_cfpb_complaints,dispute,5579419
In accordance with the fair credit Reporting act redacted Account # redacted from redacted redacted redacted has violated my rights. 15 USC 1681 Section 602 States I have the right to privacy. 15 USC 1681 Section 604 A Section 2 : It also states a consumer reporting agency can not furnish a account without my written instructions. 15 USC 1666B : A creditor may not treat a payment on a credit card account under an open end consumer credit plan as late for a purpose.,0,human_cfpb_complaints,dispute,6088610
Every single credit bureau is reporting inaccurate accounts on my credit reports and they are in violation of the fdcpa and fcra. This is misleading false reporting at its best. remove all inaccurate accounts from my consumer report asap or I will be seeking litigation. I am attaching all inaccurate accounts to this complaint.,0,human_cfpb_complaints,dispute,4846870
I paid off most of the loan and my husband lost his job which put me in a bind to have to pay off all the bills so I fell behind on the loan now Continental Credit is calling my job and my Supervisor wants the calls to cease or she will get the company attorney to file a suit against them. Continental Credit in redacted Texas needs to stop calling my job asap. I spoke with redacted on redacted/redacted/15 at redacted ( redacted ) and asked her to cease the calls. She said that 's fine and they would n't call anymore if this continues I will sue them. redacted redacted,0,human_cfpb_complaints,dispute,1467573
"I think BMO Harris will avoid paying for the redacted usd stolen from my money market account due to a technicality They require a police report, my local police wont take a report. I have never been able to speak to a human with redacted police. And they just rejected my case due to a computer glitch BMO MUST either make an exception to the requirement for a police report or file it themselves",0,human_cfpb_complaints,dispute,4029039
"I am writing to dispute the following information that is on my report. I have contacted the companies redacted, redacted and Equifax to have the fraudulent items removed but I didnt get a response. I request that you change the incorrect things reporting on my report. Enclosed are copies of my credit report and other documents supporting my request. Please reinvestigate this matter and contact the national credit bureaus to have them delete the disputed items as soon as possible. Sincerely, redacted redacted redacted Enclosures : ID, Identity Theft report",0,human_cfpb_complaints,dispute,4792678
"First Investors Servicing Co. redacted redacted redacted sold - redacted redacted In accordance with the FAIR CREDIT REPORTING ACT, First Investors Servicing Co. has violated my rights. 15 USC 1681 section 6028 states I have the right to privacy. 15 USC 1681 section 6048 section 2 also states a consumer reporting agency can not publish an account without my written instruction.",0,human_cfpb_complaints,dispute,5508980
"The following inquiries are not mines, and my request are for them to be removed, I understand what inquiries are, and understand me when I say I did not apply for neither, .. redacted/ redacted ( a date ), redacted ( a date ), redacted ( a date ), redacted redacted ( a date ), redacted ( a date ), redacted redacted - redacted redacted, redacted ( a date )",0,human_cfpb_complaints,dispute,2998333
My redacted redacted mortgage Loan service was transferred to Nationstar Mortgage redacted d/b/a Mr. Cooper on redacted/redacted/2018. FHA redacted redacted loan is negligent on transferring my loan to a servicer with a history of consumer violations and penalties. Mr. Cooper the new loan servicer has not contacted me about any such transfer or what account to pay my mortgage to. Without refinancing I want this transaction voided. I have not even made my first mortgage payment to Mr.Cooper and they already violated my consumer rights by not contacting me within 30 days of the redacted letter notice I received dated redacted/redacted/2018.,0,human_cfpb_complaints,dispute,3049380
"I have a loan with DPT ED/redacted, redacted/NAVIENT, redacted and US DEPT ED. I have always made my payments on time. For some reason I realized that there was a late payment on my credit report. As you can see, I have always had a stellar payment record with this company. I tried contacting redacted, redacted, redacted, DPT ED/redacted, redacted/NAVIENT, redacted and US DEPT ED with no successful resolution. redacted, redacted, and redacted reporting me late. There was definitely an error on their part.",0,human_cfpb_complaints,dispute,3797648
""" "" '' I have disputed this collection on this UNKNOWN redacted for months.redacted and redacted have reversed them but Equifax is refusing too. Not to mention they will not give me an explanation as to why they wont overturn or fix this erroneous inaccurate claim that has affected my credit score tremendously. I am a victim of identity theft.CFPB please step up and fix this ASAP, pursuant to section 605B of the Fair Credit Reporting Act. '' '' ''",0,human_cfpb_complaints,dispute,3044063
"I called redacted redacted to get tv service. While I was trying to set things up. I was told that there had already been an account open under my name and that it had a outstanding balance due. I explained to them how incorrect that information was, but they told me that there was nothing they can do. My identity has been compromised and I decided to get my report pulled to see what was happening. I found a unknown account that does not belong to me except the redacted redacted account they informed me about, maybe it still has not been reported, I am not sure. Please get these fraudulent account off my report.",0,human_cfpb_complaints,dispute,3588957
"In accordance with the Fair Credit Reporting act Account, CBA redacted Account # redacted, has violated my rights. 15 U.S.C 1681 section 602 A. States I have the right to privacy. 15 U.S.C 1681 Section 604 A Section 2 : It also states a consumer reporting agency can not furnish a account without my written instructions",0,human_cfpb_complaints,dispute,5944149
"I recently requested a monitoring service and noticed several accounts I did not open. redacted redacted, redacted redacted redacted redacted, redacted Bank, redacted Bank, redacted redacted, redacted redacted redacted, redacted redacted redacted, redacted redacted redacted, redacted redacted redacted, redacted, redacted, redacted redacted redacted, redacted redacted, redacted redacted redacted redacted. My husband is upset with me thinking I opened these accounts and messing up my name thus his name. He is threatening to leave me if I don't get this off my name. Please help.",0,human_cfpb_complaints,dispute,3181400
"Equifax made available through it's data product "" The Work Numberedacted '' aka "" redacted '' details about my income, employment history, and tax/medical withholdings without my consent. Following the instructions on the Equifax website ( https : //employees.theworknumber.com/employment-data-report ) here to opt out and "" Freeze '' my data resulted in no response within the 3-day window.",0,human_cfpb_complaints,dispute,5187121
what has been happening is comenity bank has not removed the report from my credit to show it has been paid. i have paperwork show i have paid this off. i was told by redacted that if i paid it off this would be closed and taken off all 3 reports! come to find put redacted works for redacted redacted so i paid redacted redacted while i was paying it off the debit to redacted. must had been sold out while i was paying it off... i didnt know this! i am being told from com bank that they didnt get my payments so this can't be removed? i want this removed as i have paid it off. i was lied too... how would i know??,0,human_cfpb_complaints,dispute,4786284
"The unverified accounts indicated below continue to report on my credit report despite several written requests, in violation of federal law.I sent multiple letters to the credit bureaus, but I never received a response. Sections 609 ( a ) ( 1 ) ( A ) and 611 ( a ) ( 1 ) require these accounts to be deleted ( A ). I will take legal action against you if you do not validate these accounts. Please follow the law so that this situation can be settled quickly. redacted redacted redacted redacted redacted redacted redacted redacted redacted redacted redacted redacted redacted redacted redacted redacted redacted redacted redacted",0,human_cfpb_complaints,dispute,6250330
I asked for a modification for my home and they are now wanting to foreclosed on my home with fraudulent documents. I 'm only 4 months behind on my payments.due to a hardship I sent them a QWR and a proof of claim and they have not answered any of my questions. They are attempting to foreclosure on me with fraudulent documents when the mortgage lender is out of business. Please help me. I want my home and I want to stay In in my home. The alleged trust that they deposited loan was outside cuttiff date for the PSA. I have revoked the poa that was filed in the rea estate division of redacted county.,0,human_cfpb_complaints,dispute,2587812
"I have attempted to dispute all listed items in attached document with all 3 credit reporting agencies : redacted, redacted and equifax. Information would be taken off, then readded, disputes were coming back with no proof of accuracy and I was part of the equifax data breach. All account information and dates are on attached document.",0,human_cfpb_complaints,dispute,5969791
"MCU has left numerous electronic messages stating I am delinquent or past due on this account. I have never dealt with, had any business association, personally or otherwise. I have asked them to cease any and all communication, as recently as approximately redacted/redacted/2021. I continue to receive correspondence.",0,human_cfpb_complaints,dispute,4200266
In accordance with the fair credit reporting act Navy Federal Credit redacted has violated my rights 15 USC 1681 Section 602 states that I have the right to privacy 15 USC 1681 Section 604 A Section 2. It also states a consumer reporting agency can not furnish an account without my instructions 15 USC 1666B : A creditor may not treat a payment on a credit card account under and open end consumer credit plan as late for any purpose,0,human_cfpb_complaints,dispute,5519527
"In accordance with the fair credit Reporting Act redacted Account # redacted redacted redacted Dept of ED/redacted redacted, redacted, Ally financial redacted, U.S. DEPT OF ED - redacted redacted redacted redacted redacted redacted redacted redacted redacted as violated my rights. 15 U.S.C 1681 section 602 A. States I have the right of privacy. 15 U.S.C 1681 section 604 A. Section 2 : It also states a consumer reporting agency can not furnish a account without my written instructions",0,human_cfpb_complaints,dispute,5516602
The Cares Act suspended qualified student loans payments and interest until a date. Navient is only giving a one month suspension. I did not pay my scheduled payment and did not contact the lender as stated in the information at student aid.gov. I was contacted by the Navient and was told I could only get a one month suspension. All borrowers with a qualified student loan should receive the entire forbearance period as stated by the law. I request a forbearance from redacted redacted and need your help to ensure that my Loan servicer Navient abids by the law.,0,human_cfpb_complaints,dispute,4232025
We have had this loan since redacted/redacted/2019 we have paid almost an amount towards this vehicle the balance only reflects about an amount the company will not respond to my requests for payment historys and when I tried to refinance the vehicle through my bank I was told this was a predatory lending situation because they basically put me in an upside down loan. I would like this modified to the actual value of the vehicle we have made all of our payments in time and dont deserve this!!,0,human_cfpb_complaints,dispute,4051311
"On redacted/redacted/2022, I sent Equifax a request to remove an unverifiable collection on my credit report. I have not received any response regarding the investigation. This is highly damaging to my credit report, and there is no creditor or collection agency listed so there is no way to validate this account.",0,human_cfpb_complaints,dispute,5237262
redacted redacted contacted my brother on a date by phone and text regarding an old debt of mine that was discharged in bankruptcy in redacted. I have tried contacting them to notify them that the debt was discharged -- but I keep getting automated texts and no acknowledgment of the debt being discharged in a previous bankruptcy.,0,human_cfpb_complaints,dispute,5751828
"I have a credit repair agency working for me. She requested verification for all inquiries that were not authorized by me. This was a date. It has been more than 30 days and fraudulent inquiries are still on my credit report. I havent search for any mortgages, rentals, car loans, credit cards, etc. Im in the process of cleaning up my credit report that someone else has damaged. Its hurting me and making me feel defeated. Im trying my best to figure out why someone will damage my credit. I never authorize none of these agencies to pull my credit report. All unauthorized inquiries are attached!",0,human_cfpb_complaints,dispute,3543108
No information given regarding account. Violates federal 15 USC 1692gf also no medical release given and eligible to collect on debt per Section 1681 ( i ). The bureaus have it reporting different pricing and multiple inaccuracies. I never authorized or given permission for this to be reporting,0,human_cfpb_complaints,dispute,4533920
"I am formally requesting this letter to update the following accounts in my credit profile which are appearing to be fairly misleading and erroneous. According to the Fair Credit Reporting Act, 15 USC sections 1681i, you are obligated to finish your investigation within 30 days ; please do so, otherwise you will be in violation of the Fair Credit Reporting Act and may be investigated by the Federal Trade Commission. TransUnion : redacted redacted redacted Balance : an amount This account was paid through my bankruptcy. Continued reporting is classified as a Discharge Violation of the Automatic Stay by Order of federal court. Remove immediately.",0,human_cfpb_complaints,dispute,6168649
nationstar mortgage reported that I have been redacted days late. That is NOT TRUE. They misapplied monies paid to principle rather than toward payments. They have corrected it but now they need to get my credit reports fixes ... .IMMEDIATELY!,0,human_cfpb_complaints,dispute,1462344
"redacted/redacted/2020 I went to redacted redacted. I paid via insurance and supposedly still had a copay although my deductible was reached for the year, my insurance paid all costs. It was sent to collections and I never received any emails, letters or phone calls regarding this collection. When I tried contacting Receivable Management Systems, they did not answer. Their website is a scam, reviews state this is a food restaurant. I have tried disputing this a few times. I would like this to be removed.",0,human_cfpb_complaints,dispute,4786185
I PULLED MY CONSUMER REPORT AND SEE UNAUTHORIZED REPORTINGS OF ACCOUNTS ON MY REPORT. THE COMPANY IS IN VIOLATION OF : 15 USC 1681 ( a ) ( 4 ) 15 USC 1681 ( a ) ( 2 ) ( b ) 15 USC 1681 ( b ) ( a ) ( 2 ) 15 USC 1681 ( b ) ( 2 ) ( a ) 15 USC 1681 ( c ) ( 2 ),0,human_cfpb_complaints,dispute,4611579
"I did not ask for, nor do I want a fraud alert on my credit file whatsoever. Please remove any and all fraud alerts from my credit files immediately.",0,human_cfpb_complaints,dispute,3790881
There are a few medical collections that my insurance is supposed to pay They are responsible not me I've reached out to all of them but they get rude and demanding. I was also involved in the redacted breach!!!! redacted redacted redacted a date,0,human_cfpb_complaints,dispute,3285108
I recently sent a letter to Department of Revenue regarding me not receiving my state taxes. I submitted documentation stating I do not own any monies to Department of Revenue an I want my state tax return to me.,0,human_cfpb_complaints,dispute,2840574
"This company has infringed on my right to privacy, I have never given this company any right to have my personal information. This company was trying to collect on an alleged debt. This company reported unverified inaccurate information to the consumer reporting agencies, which has greatly harmed my ability to offer or extend my credit to other financial institutions. This is against federal laws.",0,human_cfpb_complaints,dispute,4626764
"My name is redacted redacted, and I am sending this request myself to address the inaccuracies on my Credit Report. The redacted Credit Bureau is reporting inaccurate information on AMERICAN HONDA FINANCE. Per FCRA, reporting must be 100 % accurate or the information must be deleted. Evaluate this reporting by making a revision of the information provided. Modify and perform any corrections or withdraw this from my personal file.",0,human_cfpb_complaints,dispute,4905367
"I booked with redacted for a trip on a date. The hotel that I booked the travel for was really terrible. Cigarette smoke. Heavy odor of cleaning liquids. I went online and cancelled the trip. redacted sent an email and said I will be refunded. They then said I should get a refund as long as I cancel before redacted redacted a date. I cancelled at redacted redacted. Now redacted will not refund the an amount and ask I call the hotel. The hotel is not refunding either. I filed a dispute for capitalone providing all the evidence that I cancelled on time. Now for the a date transaction they said they will reopen and investigate it. In the meantime, they have charged the transaction back to my account and then charged me interest on it.",0,human_cfpb_complaints,dispute,6226187
"There are unknown hard inquiries on my credit reports. Im requested the verification of the inquiries and the method of verification. On redacted. redacted, 2019 and redacted. redacted, 2019, redacted redacted add a hard inquiry on my credit report. But companies did not provide the following proof : Permissible Purpose My written authorization Proof that I personally initiated these inquiries. To my knowledge, I have not signed any documents authorizing your organization to view my credit history therefore, your inquiry into my credit report violates the Fair Credit Reporting Act, Section redacted ( c ) : Transactions Not Initiated by Consumer.",0,human_cfpb_complaints,dispute,4046153
"This complaint is regarding account information below that has not been investigated and no information given. Its been over 2 months with no information given to me regarding these accounts. I have no knowledge of these companies and they shouldnt be reporting as I never gave permission for the reporting per Section 1681a -I sent correspondence to the Credit Bureaus regarding this. I was never notified in writing per 15 U.S.C 1692ag prior to accounts being on my credit report, within 5 days. Moreover, these accounts violate debt collections, abusive and unfair practices per section 1692f ( 1 ) adding additional amounts.",0,human_cfpb_complaints,dispute,4532048
"I requested the Experian change the reporting of a mortgage company listed in my bankruptcy. The request was to exclude the mention of the mortgage company because it was not included in the discharge of my bankruptcy. I protected my home from being included. When I requested the change, Experian dropped my credit score redacted points. I took that as being punished for requesting a change. They offered NO explanation.",0,human_cfpb_complaints,dispute,5775531
Convergent outsourcing attempting to collect on behalf of sprint. I have requested on multiple occasions over the course of a few years for validation proof. They have refused to validate the debt to me. I've disputed multiple times and request the validation method from the investigation through the credit bearus and still never recieved any validation. It's not right for this company to destroy my credit for years when they have failed on multiple occasions to provide validation.,0,human_cfpb_complaints,dispute,6226254
"I HAD A VISA CREDIT CARD FROM THIS BANK & THEY CHANGED IT TO MASTER CARD FEW MONTHS BACK. WHEN, I ACTIVATE MY NEW MASTER CARD, I WAS TOLD THAT I WOULD RECEIVE A BONUS OF an amount AFTER MY FIRST.I DID MADE MY FIRST PURCHASE BUT NOTHING SO FAR. I MADE TRANSACTION EVERY MONTH AFTER THAT, BUT I DID NOT RECEIVED MY BONUS OF an amount. THEIR CUSTOMER SERVICE WAS VERY BAD. THEY DID NOT CO OPERATE AT ALL.",0,human_cfpb_complaints,dispute,2978210
"I had posted at least the minimum payment due to my card for the statements between redacted redacted/redacted/2022 and redacted redacted/redacted/2022. I made the payments via the automated telephone system using my saved bank account information. Indigo did not properly post my payments to my account, charged me late fees, and reported me delinquent to the credit bureaus.",0,human_cfpb_complaints,dispute,6019672
I contacted the bureaus in regards to my credit score dropping significantly and the amount of hard inquiries that were on my reports. I have contacted the bureaus about my concerns and I have a number of hard inquires on my reports that I did not authorize and they will not remove them from my reports which is hindering my scores. I also contacted them regarding my score dropping 90 points when there were no changes in my file. I would like this resolved and for the hard inquires to be removed immediately.,0,human_cfpb_complaints,dispute,3771031
On redacted/redacted/2021 I mailed a letter requesting an investigation for questionable accounts that were showing on my credit report. It has been almost two months and I still haven't received the results of an investigation.,0,human_cfpb_complaints,dispute,4365791
"I have been trying to transfer my American Express membership rewards to airlines for 2 weeks ( from redacted/redacted/11 ), but the system keeps showing "" This action will not be completed at this time because your account is currently being reviewed to make sure all eligible purchases meet qualifying criteria. '' I tried to security message customer support who wanted me to call their Membership Rewards team and the MR team said they can't do anything about that and won't tell me the reason why my account is under review.",0,human_cfpb_complaints,dispute,3186286
"There are several negative items on my report that I strongly believe are not accurate. I therefore submitted a dispute requesting an investigation and a response into these issues. That dispute was sent out on redacted/redacted/2020 and I never received any reply. I then sent a follow-up dispute on redacted/redacted/2020 and again on redacted/redacted/2020. It is now redacted/redacted/2020 and I STILL have absolutely nothing. No investigation was undertaken, no verification was made, and no response was sent. I have a legal right to all these things and the bureaus have a legal responsibility to respond to my disputes.",0,human_cfpb_complaints,dispute,4036534
"RE : UNAUTHORIZED INQUIRY To Whom It May Concern, I reviewed a copy of my credit report and noticed some unauthorized inquiries. According to the Fair Credit Reporting Act 15 U.S. Code 1681b - Permissible purposes of the consumer must provide consent. I did not authorize the inquiries listed below. redacted redacted redacted Date : redacted/redacted/2022 redacted redacted, Date : redacted/redacted/2022 redacted redacted, Date : redacted/redacted/2022 redacted redacted redacted Date : redacted/redacted/2022",0,human_cfpb_complaints,dispute,5199759
"I requested a an amount refund from EdFinancial back in a date. My loan was fully paid prior to my request ( closed ) and paid after a date. EdFinancial stated that there is a 150 day minimum processing time followed by a 10 day wait for a physical check ( even though I paid online ). This could land the refund after the possible forgiveness timeline. Also, I do not receive any confirmations, so I have to call to check up on it. I called today and they stated that it hasnt even been processed yet.",0,human_cfpb_complaints,dispute,6060836
In Accordance with the Fair Credit Reporting Act redacted redacted redacted redacted redacted redacted redacted redacted redacted redacted redacted redacted redacted redacted redacted redacted ( No Account Number Displayed on Report ) violated my rights 15 U.S.C 1681 Section 602 A states that I have a right to privacy 15 U.S.C 1681 Section 604 A Section 2 : It also states that a Consumer Reporting Agency can not furnish an account without my written instructions,0,human_cfpb_complaints,dispute,6120029
"Inaccurate information on credit report. Inquiries from different creditors that weren't permissible. redacted, Equifax and redacted. redacted a date redacted a date redacted redacted a date redacted redacted redacted a date redacted a date redacted a date redacted a date redacted a date redacted a date redacted a date redacted a date redacted redacted a date redacted/redacted redacted a date redacted redacted a date redacted redacted a date redacted",0,human_cfpb_complaints,dispute,3552528
"This is not a duplicate nor is this complaint being filed by a third party, I am filing this complaint myself. Please see this complaint is processed to the letter of the law. This is my third endeavor to tell you that I am a victim of identity theft and I complain to question specific records in my document coming about because of the wrongdoing. The records I am questioning connect with no exchanges acquiring any possession of goods, services or money that I have made or authorized. Assuming no one cares either way, block the noteworthy of any information in my credit record that came about due to an alleged fraud or extortion. redacted redacted redacted Date Opened : redacted/redacted/2018 Balance : an amount",0,human_cfpb_complaints,dispute,6018961
This account is still showing a balance of an amount as I agreed to pay an amount to resolve my account. This account should be closed as I paid it off a year ago.ytis is my second or third time contacting you since I paid this please update my credit report or I will file a suit against you for harrasment,0,human_cfpb_complaints,dispute,3222290
Flagstar bank is refusing to release funds paid by redacted redacted for repair of our roof. The roof is repaired. Our contractor has submitted a final bill. Flagstar 's own inspector said the work was done. We have a copy of his report. Flagstar still refuses to pay the roofer in full.Flagstar has repeatedly lied to us during this process.,0,human_cfpb_complaints,dispute,3358122
"Have tried since redacted to call and write the servicer SLS Speicalized Loan Serving, for help and they just keep delaying and finallly said not able to grant the forbearance. They don't give a reason and since we have an FHA backed loan it is our understanding that they are required to grant a forbearance. We have tried for so long to comply with their requests but getting nowhere.",0,human_cfpb_complaints,dispute,4056354
"This is redacted redacted redacted, who is submitting this CFPB complaint myself, and to inform you that there is no third party involved in the process. I sent letters to Equifax Credit Bureau the date of the last letter was on redacted/redacted/2022. And now we are in the month of redacted/redacted/2022 and still nothing from them. That means Equifax has NOT complied with the FairCredit Reporting Act law and continued to report inaccurate information on my credit report. PLEASE UPDATE OR REMOVE THE FOLLOWING ACCOUNTS COMPLETELY FROM MY CREDIT REPORT : redacted redacted redacted redacted redacted redacted redacted redacted redacted redacted redacted redacted redacted redacted",0,human_cfpb_complaints,dispute,5247117
"On redacted/redacted/ sent a letter regarding inaccurate and unknown things on my credit report, To this day over 60 days later I have not received a response yet. I feel like I'm being taken advantage of and being ignored of my disputes. Section 611 ( a ), it is plainly stated that a failure to investigate these items within 30days gives a reason to immediately remove those items from my credit report it has been over 60 days so they should be deleted promptly. I demand these accounts be deleted immediately or I will file for litigation due to the stress you caused me. My information was also impacted by the Equifax, redacted and redacted data breach and may have got into the hands of the wrong person.",0,human_cfpb_complaints,dispute,4806586
"My account got behind due being laid off from work, did call Discover and they agreed to a payment plan which I agreed to, but they omitted the information that my account will be suspended. I have made my all future payments on time, while every month I called to inquire about the suspension, I was told that account is revised on the 5th of every month since redacted of last year, in which my account is still suspended. Well since then I have paid my balance owed in full in which they received my money and still they will release my account",0,human_cfpb_complaints,dispute,4314104
"well its a little over a year ive been having this problem..i make my payments monthly and havent missed any..company says im behind like on 3 payments, interest keeps going higher, have late fees..i always tell them that im making my payments and have prove..they say that i only have paid like redacted for principal..when i have paid over redacted already..",0,human_cfpb_complaints,dispute,4236955
Navy Federal FCU closed my previous credit card with a limit of an amount in 2018. There were missed payments that I didn't not agree with. I tried to resolve this but have gotten no where. This has caused me to get turned away from mortgage lenders as I have been eagerly trying to purchase a home.,0,human_cfpb_complaints,dispute,4531451
I am redacted redacted. who is submitting this CFPB complaint myself and to inform you that there is no third party involved in the process. I attached my Id docs so you will know who I am. This is not someone else filing this complaint on behalf of me. Please do not mail me anything else saying I need ID docs. I'm filing this complaint because it's been over 35 days and you are still reporting these items without permission and that is fraud.,0,human_cfpb_complaints,dispute,5255836
I am being forced to switch my redacted card from redacted redacted to Marcus Goldman Sachs. I am not able to pay my bill because the Marcus app and website does not work. I am not able to even create an account to access anything.,0,human_cfpb_complaints,dispute,5266869
"On a date I received a voicemail from a redacted redacted with Admin Recovery that they were trying to collect on a debt. I returned the call on a date and explained to redacted redacted that the account at redacted redacted was a result of identity theft, and that evidence of that was already provided to redacted redacted I also explained that since redacted redacted had not removed it I had filed a CFPB complaint against them. On a date redacted redacted called my ex-daughter in law in Virginia, saying they are trying to get contact information for me, when in fact redacted had already spoken with me. I don't know if or whom else that may have been speaking with.",0,human_cfpb_complaints,dispute,4618803
"Looking over my credit report and notice there are some accounts that are paid in full and some that aren't mine. I've included the accounts below that I'm disputing that are impacting my credit report negatively : redacted redacted redacted redacted # redacted, redacted redacted redacted redacted redacted redacted, redacted redacted redacted redacted redacted redacted, redacted redacted redacted redacted",0,human_cfpb_complaints,dispute,4073389
"I redacted redacted, entered into a consumer credit transaction with Bank Of America on redacted/redacted/06. A consumer credit transaction in which a finance charge was involved. 15 usc 1605 defines a finance charge as the sum of all charges in a consumer credit transaction. Bank Of America, outside of the finance charge, charged me monthly/incremental payments, as well as late fees for the monthly/incremental payments, which clearly violates 15 usc 1605. Furthermore, Bank Of America never clearly disclosed to me their violations, which itself is a violation pursuant to 15 usc 1611.",0,human_cfpb_complaints,dispute,4754054
I HAVE REVIEWED MY CREDIT REPORT AND FOUND SOME INACCURATE ACCOUNTS AND ENTRIES IDENTIFIED AS INQUIRIES THAT WAS PLACED ON MY CREDIT WITHOUT MY KNOWLEDGE. THESE NEGATIVE ACCOUNTS AND INQUIRIES HAVE CAUSED A GREAT DEED OF HARDSHIP ON MY CREDIT. IT IS SO UNFAIR TO ME BECAUSE I FEEL LIKE I'M IN THIS SITUATION BECAUSE OF SOMEONE ELSE 'S SELFISH WAYS AND I HAVE NO OTHER CHOICE BUT TO SUFFER THE CONSEQUENCES. IT HAS BECOME SO HARD FOR ME TO ACQUIRE NEW CREDIT WITH MY CREDIT BEING DAMAGED THE WAY IT IS. I'M ASKING THAT YOU PLEASE RE-INVESTIGATE THE ACCOUNTS AND INQUIRIES AND HAVE THEM REMOVED OFF MY CREDIT AS SOON AS POSSIBLE. ALSO KEEP IN MIND THAT THE ACCOUNTS AND INQUIRIES DOES NOT RELATE TO ANY TRANSACTIONS MADE BY ME.,0,human_cfpb_complaints,dispute,3402012
"Hello, There is a Bankruptcy on my credit report that isn't mine. I believe it's fraud. I've disputed this item multiple times and they haven't removed. Per the 609 section & regulation they need to send me a copy of my signature and the originial contract. I haven't received the person they talked to or anything. I need this removed asap. The case number is redacted. This was filed with the redacted redacted of Bankruptcy. I wrote a letter to the court asking them to send me something in writing saying the did not report to the C/B, I have that as well.",0,human_cfpb_complaints,dispute,5237837
"I opened a checking account with Chase Bank in redacted. There is not supposed to be a monthly service fee if I meet certain criteria including "" have electronic deposits made into this account totalling an amount or more ... '' during the statement period. This has been done every month and for the first 2 months there was no fee charged. However, on the latest period ending redacted redacted, I was charged a an amount fee even though an amount in electronic deposits was made. I called Chase Customer Service to complain and was told that the 2 deposits made by transferring funds from accounts I have with other banks were not electronic deposits. That obviously not true, these were electronic deposits. Hence I should not have been charged the an amount fee.",0,human_cfpb_complaints,dispute,4221934
"Since my first complain in redacted redacted, NationStar Mortgage is asking for documents after documents. I have provide all documents they asked for but still they 're telling me that my file is under review for modification, anytime I call them. Please note even I have foreclosure sale date scheduled for this coming redacted redacted redacted, they are still declining to postpone the foreclosure sale date. Please help me, I do n't want to lose my house, Sincerely,",0,human_cfpb_complaints,dispute,1476849
I had some unauthorized transactions that began on redacted and ended on redacted/redacted/15. The bank decided against me even though I did not make the transactions. In total it was redacted dollars money I do not have to lose.,0,human_cfpb_complaints,dispute,5520042
On a date I called time finance company to settle my account that has been closed since a date therefore I spoke to redacted redacted a recovery specialist for this company.. my original balance after my car was repossessed was an amount ... when I spoke to redacted redacted from time finance regarding a settlement redacted redacted accused me owing more than an amount from the time of the repossession and said the lowest I can take is an amount .... And threaten me in a unprofessional manner and by Mentioning to sue me and hold a judgment against me if I didnt pay ...,0,human_cfpb_complaints,dispute,3791057
"Jefferson CapitalSystems has reported a collection account to my redacted, redacted & redacted credit files. I do not owe this alleged debt. If Jeffersonhas the right to collect this debt in accordance with the FDCPA I am asking for validation of this account via contractual documents stating and proving that I agreed to and that I am responsiblefor this account. Jefferson Collections has no legal right to attempt to collect a debt. Jefferson has not validated this debt nor sent me a notice of collection. Jefferson is inviolation of the FCRA.",0,human_cfpb_complaints,dispute,3769223
"Hi, There was a new inquiry just added to my redacted credit report and redacted credit report which was not authorized by me. The redacted credit check run was done by Capital one on redacted/redacted/2021 There were 3 different hard inquiries by Capital one on redacted/redacted/2021, redacted redacted, redacted on redacted/redacted/2021, and redacted/redacted/2021. I am out of the country from a date and still haven't traveled back to the US and I haven't requested credit inquiries or used my credit cards during this travel. I am contacting the companies to inform them about the fraudulent activities. In addition to that, I have contacted redacted, redacted, and redacted to freeze credit reports and set up a fraud alert on all three. Thanks, redacted",0,human_cfpb_complaints,dispute,4529230
"It has been drawn out into the open that you are not hindering records when I sent a copy of the FTC report. Since it is a necessity by regulation 605b of the FCRA I'm sending this Complaint to assist with laying out a lawful response. In the event that you decide to not obstruct the accompanying things recorded beneath which are answering erroneously because of fraud, I will hand my archives over to my lawyer to begin a legitimate activity. It's my goal to not seek after any legitimate activity so if it's not too much trouble, comply with the law.Medical redacted Balance : an amount redacted redacted ( Original Creditor : redacted redacted redacted redacted ) redacted Balance : an amount",0,human_cfpb_complaints,dispute,5613473
"I want this late payment deleted from my account within 15 days, this is not mine, I'm not aware of this, Under USC 1666b. 1. redacted redacted Account Number : redacted 30 days late in redacted/redacted/2021 and redacted/redacted/2021. 2.. redacted Account Number : redacted 30 days late in redacted/redacted/2021. 3. redacted Account Number : redacted 30 days late in redacted/redacted/2021. 4. redacted Account Number : redacted 30 days late in redacted/redacted/2021 and 60 days in redacted/redacted/2021. 5. redacted redacted Account Number : redacted 30 days late in redacted/redacted/2021, 60 days in redacted/redacted/2021 90 days inredacted/redacted/2021, 60 days in redacted/redacted/2021.",0,human_cfpb_complaints,dispute,5868321
"On a date I went into redacted redacted to sign loan paperwork to pay off my Ally lease as the lease was coming to a conclusion and I intended to keep the truck. On a date a payment posted to my Ally account for an amount, which I expect to be payment in full. On around a date, I looked at my Ally account and to my surprise it shows a past due balance or an amount and an outstanding balance of an amount. I contacted Ally, they told me that I needed to contact the dealer. I contacted the dealer and they told me the an amount was payment in full. I'm concerned that if this is not resolved before the end of redacted that Ally will post a late payment on my credit report. I'm also concerned about paying them and then attempting to get back the money that they would owe me.",0,human_cfpb_complaints,dispute,4472669
"I am sending this request myself to address the inaccuracies on my Credit Reports. Upon reviewing my credit file, incorrect information was found in my reports. The TransUnion, redacted and redacted Credit Bureaus has not complied with the FCRA 605B ( 15 U.S.C. 1681c-2 ), and continued reporting as unverified information without any proof provided, within the time allowed by law, is not authorized. Below are the items that are reporting on my Credit Reports : redacted redacted redacted a date redacted redacted Balance : an amount redacted redacted : an amount redacted redacted Balance : an amount redacted redacted redacted Balance : an amountredacted redacted a date redacted F a date redacted redacted redacted a date redacted redacted redacted redacted redacted a date",0,human_cfpb_complaints,dispute,5781276
I have reported to both redacted redacted and redacted redacted redacted that this account was re aged and that this in accurately reporting is hurting my credit in harmful way.ive tried to resolve this violation of my rights under the fair reporting act. Transunion and redacted shouldnt allow redacted redacted to repot a closed account be re aged with out an investigation,0,human_cfpb_complaints,dispute,4144944
"I have disputed an alleged bankruptcy that Equifax continues to report as verified with information that they supposedly been supplied by redacted redacted. I have provided them with supporting documentation showing that the information is incorrect. Even after supplying the supporting documentation, they continue to respond with verified and correct. I have spoken with representatives for redacted redacted and have been informed that at no time did they validate or verify the item in question. However, Equifax continues to report the item on my Equifax consumer credit report.",0,human_cfpb_complaints,dispute,4151200
"I did not consent to, authorize nor benefit from any of the following inquiries. Block and remove them IMMEDIATELY.",0,human_cfpb_complaints,dispute,5463419
"Transunion advertises FREE credit report. I went onto their website thinking I was getting a free credit report and they charged my credit card twice, once for the credit card and the other for credit reporting. This was very deceptive. I'm an educated man and they still got me to give them my credit card number thinking it was necessary for the FREE credit report. I contacted them with 24 hours of the error and they did not offer to refund my payment, but offered to cancel further charges to my credit card. What a good business model, pulling in potentially millions of consumers with the promise of a FREE credit report and then get them all for around an amount before the consumer realizes what happened.",0,human_cfpb_complaints,dispute,3225317
"In a date I received a mortgage from the Veterans Administration ( VA ) for my home at redacted redacted redacted redacted, redacted PA redacted. After making 22 years of payments on my loan, my mortgage was transferred to a new mortgage company Shellpoint Mortgage in a date. Shellpoint Mortgage has stated that they have no record of my 22 years of payments. Shellpoint Mortgage states that I owe them an amount and I am on a new 30 year mortgage plan. My original mortgage amount in a date was an amount. Shellpoint Mortgage is committing fraud against my mortgage, they have stolen 22 years of my mortgage payments and fraudulently put me on another 30 year mortgage. I need your help.",0,human_cfpb_complaints,dispute,4476354
PNC is no longer allowing connections with redacted which is a third party virtual.wallet and payment service that I have used with them for years. Now that they have their own service they have cut off redacted. This is non competitive and should be addressed immediately.,0,human_cfpb_complaints,dispute,3785691
Upon reviewing my credit report for accuracy I noticed that redacted redacted redacted redacted reported my account as 30 days late for the month of redacted/redacted/2022. Under Usc. 1681 It states I have a right to privacy. I never gave my permission to put any of my info out or to anyone.,0,human_cfpb_complaints,dispute,6109745
"the following accounts appear on my credit report, without any authorization, they are not mine. please review them Identity Theft redacted Account Number : redacted This is not mine. . Identity Theft JPMCB CARD Account Number : redacted This is not mine.",0,human_cfpb_complaints,dispute,4479696
"In accordance with the Fair Credit Reporting act, redacted has violated my rights. 15 U.S.C 1681 section 602 A. States I have the right to privacy. 15 U.S.C 1681 Section 604 A Section 2 : It also states a consumer reporting agency can not furnish a account without my written instructions 15 U.S.C 1666B : A creditor may not treat a payment on a credit card account under an open end consumer credit plan as late for any purpose",0,human_cfpb_complaints,dispute,6187166
In Accordance with the fair credit reporting act redacted Accounts has violated my Rights. redacted redacted redacted redacted redacted redacted redacted redacted redacted redacted redacted redacted redacted redacted redacted redacted redacted redacted redacted redacted redacted redacted redacted redacted redacted redacted redacted redacted redacted redacted redacted redacted redacted redacted redacted redacted redacted redacted redacted redacted redacted redacted redacted redacted redacted redacted 15 U.S.C 1681 Section 602A. States I have the right to privacy. 15 U.S.C 1681 Section 604A Section 2 : it also states a consumer reporting agency can not furnish an account without my written instructions.,0,human_cfpb_complaints,dispute,5519126
PLUS FOUR INC ( redacted redacted ) is a result of identity theft. I recently discovered through my new monitoring service this account being reported I made efforts to remove this account from my file as the amount of an amount does not belong to me. This account was fraudulently opened through this company in redacted of 2014 an has been reported to the FTC and authorities as Identity theft. I have submitted all of my information needed to resolve this matter in this complaint and through the FTC report attached and do not feel comfortable giving any further information in any way to any others at this time due to the further possibilities of identity theft.,0,human_cfpb_complaints,dispute,3549369
It looks like my credit file was breach or identity theft or both during the time frame of. redacted/redacted/2018 to present,0,human_cfpb_complaints,dispute,4885520
"I recently sent a dispute letter to Equifax on a date in regards to a previous car loan. I pulled my credit reports and noticed that Equifax was reporting an incorrect close date. Equifax reports a close date of a date. I received a new auto loan from my credit union on a date and this account showing was not closed until a date. This shows me that, although it was said that it occurred, the account has not been properly verified, and Equifax has not done its due diligence, and instead continue to respond to my disputes that the account has been "" updated ''. They have continuously shared incorrect information although it has not been properly verified. As a result, I requested and asked that the account be deleted immediately.",0,human_cfpb_complaints,dispute,5056248
"A personal loan exceeding the usury rate with a rate of nearly 400 % per annum. I was expecting the loan to appear on my credit report so that I could increase my score by paying the loan off early but I don't think it was reported at all. Prior to waiting for the loan to be recorded, I called and asked if the company reported to major credit bureaus and was told yes, redacted through some company called redacted. It has been 24 hours, the repayment amount has increased by about an amount. My loan number is redacted. How do I go about ensuring that the company complies with the usury rate. It would not be such less of an insult if this company actually reported to a credit bureau, to show a good payment history.",0,human_cfpb_complaints,dispute,4621518
I noticed a company on my consumer report that is not mine. I sent a letter to the company and they refused to respond. I am demanding verification and validation of this alleged debt. Please take notice this is my notice that I dispute such debt. This is a violation of my rights as a federally protected consumer. PLEASE REMOVE AND CEASE COLLECTION ATTEMPTS IMMEDIATELY!,0,human_cfpb_complaints,dispute,5948076
The company did not provide any details that I requested. once again I request # 1 Itemized list of exactly what the damages were. # 2 Prove to me that a written notification was sent notifying that I had outstanding charges BEFORE it was sent to collections. I WAS NEVER NOTIFIED. # 3 PROVE to me that I am responsible for the damages.,0,human_cfpb_complaints,dispute,4829450
"On redacted/redacted/2021 I sent a letter regarding inaccurate and unknown things on my credit report. To this day over 30 days later, I have not received a response yet. I feel like I am being taken advantage of and being ignored of my disputes. In section 611 ( a ) it is plainly stated that a failure to investigate these claims within 30 days gives a reason to immediately remove those items from my credit report. It has been over 30 days so they should be deleted promptly. I demand that these accounts be deleted immediately or I'll file for litigation due to the stress you've caused me. My information was also impacted by the Equifax data breach and may have gotten into the hands of the wrong person.",0,human_cfpb_complaints,dispute,4675917
I brought a redacted car in redacted/redacted/2019 in Maryland for redacted and the interest rate from Ally Auto Finance was 12.99 % for 84 Months. I have paid so far 16 payments for total of an amount. I paid an amount in interest. I still owe an amount and I will end up paying over an amount for a car that today is only worth an amount according to redacted redacted redacted. I want to know if $ 12.59 % interest on an amount should equal an amount over 84 months of payment. how are they calculating it and is it legal to do it the way they are calculating it Call them a number of time and could not get a good explanation.,0,human_cfpb_complaints,dispute,4007166
"I disputed this inquires before with TransUnion. I don't recognize this inquires. The list of unknown inquires are as follow : redacted redacted redacted redacted redacted redacted a date redacted a date a date redacted redacted redacted a date redacted redacted a date redacted a date redacted a date redacted redacted a date redacted redacted a date redacted/redacted/redacted a date They sent me a letter that they are correct and accurate but I did not received any proof of them. I do have a personal statement on file, I was never notified when this inquires were pulled.",0,human_cfpb_complaints,dispute,3968641
I was divorced in redacted and as part of the divorce our house redacted redacted redacted redacted Ohio was awarded to my ex-wife. In redacted she filed for bankruptcy and including her condo fees and house mortgage in it. This was used to refinance the house and my name was taken off the loan per the court documents. The credit brearuou claims my name is still on the load and has refused to take it off. Court documents indicates otherwise. I want my name to be taken off the loan from redacted and the credit brearou or credit reporting. The credit reporting company has refused to take my name off the loan despite serveral calls to them with documentation proff. The credit reporting company say it has to come from redacted redacted and they are not doing it.,0,human_cfpb_complaints,dispute,4725798
"I have attempted to reach out to Equifax to dispute inaccurate information on my credit report that doesn't belong to me. I have provided Equifax with a copy of my social security card and drivers license to prove my identity. However, although I have provided my actual social security number and license, I am being informed this account belong to me although I have never resided in Maryland.",0,human_cfpb_complaints,dispute,5215521
"I emailed Stepstone Credit in redacted, TX on redacted redacted and let them know the application was a fraud and I had filed a police report. They continue to processes the application. I have my emails letting them know and so do the police department. My identity has been stolen and they are going to all fast cash places. I was able stop another payday loan company from processes the application and have that email. They were willing to work with me. redacted redacted had collection agency put a lien on my credit report. I was able to prove it wasn't me. At that time they didn't have my date of birth. They do now.",0,human_cfpb_complaints,dispute,5454698
This is my second time disputing the late payments for account redacted redacted redacted # redacted from redacted-a date. I had some issues with my income being affected by theCOVID-19 PANDEMIC SHUTDOWN. I have a legal right to dispute anything that is on my credit report. I am not an ATTORNEY OR THIRD-PARTY REP. I am requesting some accommodations so I care to protect the integrity of my credit file. I am buying a Home this month and these errors are definitely holding back my process.,0,human_cfpb_complaints,dispute,4821347
"As stated in 15 usc 1681 ( a ) ( 1 ) "" The banking system is dependent upon fair and accurate credit reporting. Inaccurate credit reports directly impair the efficiency of the banking system, and unfair credit reporting methods undermine the public confidence which is essential to the continued functioning of the banking system ''. I have numerous inaccurate information on my credit file, resulting in me not being able to exercise my consumer rights. which is a direct violation of the FCRA.",0,human_cfpb_complaints,dispute,4817608
I have been disputing this error on my credit report for the past 4 months and nothing has changed. I am now being violated as a consumer and these bureaus are causing me mental anguish by reporting inaccurate late payments on my credit report. I have never made any late payments on any of my accounts yet these bureaus are still being stubborn by reporting the 1 late payment on 14 of my student loan accounts. This will be my final attempt to rectify this situation as it is highly affecting my credit score from what it should be reflecting as currently. TRANSUNION IS ALSO WELL OVER 30 DAYS OF RESPONDING TO MY LETTER THEREFORE THE SIMPLE ITEM I AM REQUESTING TO BE UPDATED NOW MUST BE UPDATED BY LAW.,0,human_cfpb_complaints,dispute,6052365
"MY NAME IS redacted redacted, I HAVE SUBMITTED OVER 5 DISPUTE LETTERS TO EQUIFAX, redacted, AND redacted THEY ARE CLAIMING THAT MY DISPUTES ARENT GOOD ENOUGH FOR THEM, CAUSING ME SEVERE PAIN IN LIFE, I CAN NOT LIVE THE LIFE I WANT WITH THESE FRAUDULENT ACCOUNTS ON MY CREDIT, I AM HOPING THE CFPB CAN ENFORCE SECTION 605B OF THE FCRA. I HAVE SUBMITTED ALL DOCUMENTS REQUIRED FOR THE DISPUTE TO BE TAKEN SERIOUSLY ... ..ID, SSN, FTC REPORT redacted STATEMENT OF ID THEFT. I WANT THIS RESOLVED. I HAVE CONNECTIONS AND POPULAR TV OUTLETS AND LARGE AUDIENCES WHERE I WILL SLANDER THE NAMES OF EQUIFAX, redacted AND redacted, ALONG WITH GETTING A LEGAL TEAM TO SUE!",0,human_cfpb_complaints,dispute,4366952
"Despite multiple written requests, the unverified accounts listed below continue to report on my credit report, in violation of federal law. I included a date on the last letter I submitted to the redacted and Transunion credit bureaus a date, but no answer was received. This account must be validated under Sections 609 ( a ) ( 1 ) ( A ) and 611 ( a ) ( 1 ). ( A ). If you do not authenticate this account, I will take legal action against you. Please abide with the law in order for this matter to be resolved promptly. redacted redacted redacted redacted redacted redacted redacted Date Opened : a date Balance : an amount",0,human_cfpb_complaints,dispute,6006376
"To whom it may concern, I recently pulled my reports and noticed you are reporting is incorrect for this account ( CHRYSLER CAPITAL- redacted ). Because of the following information by your company and redacted, redacted, and redacted are different, this means the account has not been properly verified. Please delete this account immediately. 1. Incorrect credit limit 2. Last Verified incorrect 3. Date of Last Activity are all different 4. Closed Date missing 5. Charge off account showing currently showing past due 6. Last Payment are all different 7. Term Length missing",0,human_cfpb_complaints,dispute,4730783
"Equifax has violated FTC rule of 30 days to investigate the claim. They have responded with a result that they have investigated the claim. however they have not investigated the claim at all. A credit inquire i requested investigation from equifax was never investigated and 24 hours after the request they responded that it was verified. the example above just one of the cases when they did not take the request to investigate seriously,",0,human_cfpb_complaints,dispute,5254807
"I traded in the vehicle that I had financed with Bridgecrest at the redacted dealership that I purchased my new car from on redacted/redacted/2021. redacted sent the payoff check to Bridgecrest and they received it on redacted/redacted/2021. Due to Bridgecrest claiming theyre are behind in processing and applying payoff checks, they have yet to apply the payoff check, that they received on redacted/redacted/2021, to my account. Meanwhile, they are calling me daily from their collections department requesting that I pay the carnote on the car that has been traded in/the car that they have received payoff check for nearly a month ago. Please help me.",0,human_cfpb_complaints,dispute,4606658
"In accordance with the Fair Credit Reporting act redacted Account # redacted, has violated my rights. 15 U.S.C 1681 section 602 A. States I have the right to privacy. 15 U.S.C 1681 Section 604 A Section 2 : It also states a consumer reporting agency can not furnish a account without my written instructions redacted redacted redacted, an amount redacted redacted redacted an amount redacted redacted redacted, redacted, an amount redacted redacted redacted an amount redacted redacted, an amount redacted redacted redacted, an amount redacted redacted redacted redacted redacted an amount redacted redacted redacted, an amount redacted redacted bankruptcy redacted redacted redacted redacted redacted redacted redacted redacted redacted",0,human_cfpb_complaints,dispute,5675954
redacted and redacted are very deceiving. He promised to pay me which I never got paid. He then got his lawyer to email me to stop asking about where my money is. I have recorded conversations of him promising to pay me and never did. Please help me or let me know who to go to.,0,human_cfpb_complaints,dispute,5871944
"I have contacted redacted redacted redacted redacted to remover this fraudulent account from my report. I am a victim of identity theft by data breach. I contacted redacted redacted redacted redacted on a date and asked to closed this account that I did not consent to account being opened. It was finally closed on a date with redacted balance. redacted redacted redacted redacted has refused to removed fraudulent report from my credit report. I have disputed this account on redacted, a date, a date, a date, redacted and a date. I HAVE SENT NUMEROUS DISPUTES, POLICE REPORTS, ETC. PLEASE REMOVE THIS ACCOUNT FROM MY REPORT IT IS FRAUDULENT AND I DID NOT CONSENT TO THE OPENING OF THIS ACCOUNT.",0,human_cfpb_complaints,dispute,6222558
"I have 3 hard inquires on my report dated a date2022 They are not mine. I had contacted redacted via phone and was told it was disputed, and within 3-4 days it would be removed. Its now a date and the hard inquiry still shows on my report. I then chatted with redacted and was told I was given wrong information. I was told I then had to mail in my dispute, and now nearly 2 weeks has passed since then. 1. Dispute the 3 hard inquries 2. Complaint versus the transunion rep that provided me wrong information Photo attached of the hard inquries.",0,human_cfpb_complaints,dispute,5591851
"To Whom It May Concern, Back In redacted/redacted/ 2019 I had a late fee from Discover Card. I called right away and the late fee was to be removed. It has now been to months and the late fee has not been removed. I have always paid on time and have called Discover again which they assured me it would be removed. From looking at my credit report it appears it was never removed.",0,human_cfpb_complaints,dispute,3183530
"Despite sending FTC reports, police reports, notarized documents and filing disputes, and then hiring a credit repair company, all three credit bureaus and several creditors are still reporting fraudulent information and have not removed the items. Please see attached supporting documents that explain the situation, and the accounts in dispute. Complaints are being filed against both the bureaus and the creditors. This has been going on for years and it is extremely damaging to my credit and is costing me money to fight it. I want the items removed immediately. FTC and police reports attached.",0,human_cfpb_complaints,dispute,5554232
"Called redacted, redacted, Transunion multiple times and requested all addresses be deleted other than my physical address and my mailing address. My phone request was met with all denials that I couldnt dispute personal information, Statements, fraud alerts, or personal inquires or accounts. Ive attached my dispute resolution",0,human_cfpb_complaints,dispute,3303988
On redacted/redacted/2020 I received notice that a dispute that I had previously submitted for inaccuracies was completed. The notice that I received from Experian stated that the 2 companies ; redacted redacted and redacted redacted was not listed on my report. I called Experian and inquired about this issue and they assured me that it has indeed been deleted.,0,human_cfpb_complaints,dispute,4066697
"redacted redacted redacted keeps using my redacted Credit report to try to use new collection agencies ( Credence Resource Mana @ redacted redacted redacted redacted redacted redacted, Texas to now try to say that I owe an amount to redacted redacted redacted. Number 1, redacted & redacted was removed Before with BOGUS collection agencies to try to scam both my husband and Myself and they were Unsuccessful. redacted redacted redacted caused my credit score to drop redacted points this time ( I have a string feeling it's for the Auto insurance industry to try to get my Premium up which it's not happening, they never like it when you keep doing great!!! ) So, I want you to Have Credence Resource Mana to Remove this Bogus Account immediately from my Credit Report!!!",0,human_cfpb_complaints,dispute,5970339
Brown and Joseph collection law firm was contacted by my attorney in regards to collecting funds that are a violation of the fair credit reporting act. The firm has recieved the letter from my attorney with case law yet the company is sending second notices to me to intimidate me and cause me more problems and threats to harm me by lawsuit or damaging my credit. The precedents in this matter have been clearly provided along with proof that the documents were sent to them yet the collection firm is using strong arm tactics to attempt to harass me and cause me undue hardship. I am hereby requesting help to get this resolved as the company should stop immediately per the case law established and that they are well aware of.,0,human_cfpb_complaints,dispute,5992200
I discovered that some of the information on my credit report was incorrect when I reviewed it. Sections 609 ( a ) ( 1 ) ( A ) and 611 ( a ) ( 1 ) require the 3 credit bureaus to validate these accounts ( A ). It is not permissible to fail to validate these reporting accounts as unverified information without providing any proof within the time frame specified by law. My credit report includes the following erroneous information that needs to be investigated and corrected : redacted redacted redacted redacted : an amount redacted redacted redacted redacted Balance : an amount ; redacted redacted Balance : an amount,0,human_cfpb_complaints,dispute,6227423
"When I reviewed my credit report, I discovered that some of the information was erroneous. The 3 credit bureaus must validate this account in line with Sections 609 ( a ) ( 1 ) ( A ) and 611 ( a ) ( 1 ) ( A ). This is not a duplicate nor is this complaint being filed by a third party, I am filing this complaint myself. Please see this complaint is processed to the letter of the law. It is not authorized to fail to validate these reporting accounts as unverified information without providing any proof within the period allowed by law. The account need to investigate and correct from erroneous reporting in my file are listed on my credit report : redacted redacted Date Opened : redacted/redacted/2017 Balance : an amount",0,human_cfpb_complaints,dispute,5976441
"I have communicated to this company several times not to contact me at work and they continue to do so. This is creating a problem at my work. They have also repeatedly called me on the weekends and after redacted redacted on weekdays. My work number is redacted and my cell number is redacted. the company information is redacted redacted redacted redacted redacted redacted redacted redacted redacted redacted, CA redacted ( redacted ) redacted Thank you redacted redacted",0,human_cfpb_complaints,dispute,2977045
I have reached out to the credit bureaus and the creditors regarding these accounts. The accounts are outdated and out of the statue of limitations for debt in Colorado. The creditor nor the credit bureaus have not responded to my request to have these outdated tradelines removed.,0,human_cfpb_complaints,dispute,4402329
I have several items on my credit report that are not mine. I noticed it because I recently applied for a credit card and I wasn't approved so it prompts me to check my credit report. I HAVE FILED A COMPLAINT ON FTC AND HAVE CONTACTED OUR LOCAL POLICE. I AM DOING THIS ON MY OWN.,0,human_cfpb_complaints,dispute,3496887
I am very upset over the credit report I recently received! This is totally out of control. I am amazed that the government allows you to make such obvious errors that damage people so badly. I am willing to do whatever it takes to make you responsible for poor reporting practices if you do not respond quickly and accurately to this letter. I dont know where you got the following accounts from : 1. I have never been late with payments on this account. redacted redacted Account Number : redacted**** Please remove the late mark on this account and update the status to current and paid as agreed. Please correct this with all haste. Thank you for your attention. I apologize for being so angry. This oversight on your part are causing me a lot of trouble financially.,0,human_cfpb_complaints,dispute,4208495
"On redacted/redacted/2021 Wells Fargo received a Cease and Deist by certified mail. Attached is the proof of delivery, cease and desist and invoice. Wells Fargo is to cease and desist all forms of communication with me through all mediums. A consumer report is in fact a medium. And by reporting the account it is a indirect communication. By not deleting my account from all credit reports, Wells Fargo is in direct violation of my Cease and Desist.",0,human_cfpb_complaints,dispute,4588177
I was checking my credit report and these accounts still on. Just pulled update of my credit report and I dont see any changes. I already sent few rounds of dispute about them. I believe that someone have my personal information. I m disappointed! I dont know how to delete it from my name,0,human_cfpb_complaints,dispute,5181979
"This is my NUMEROUS request that I have been a victim of identity theft and that no one seems to care, that I want to dispute specific records in my credit file that do not belong to me, or that I have signed any agreement. The accounts I'm challenging have nothing to do with any transactions I've done or authorized to gain products, services, or money. Please remove the following accounts from my credit report : redacted redacted redacted redacted : an amount",0,human_cfpb_complaints,dispute,5768840
redacted/redacted/2020 Citi CBNA were called in regards to confirming a Citibank Card from CBNA they submitted to collections but have no record of such account. it was stated that I only have one account. Cictibank don't understand why there are two accounts being reported. The account i have with citibank cbna is in good standings to include automatic payment on a monthly basis. why is there another card on my credit report in collections when I only have one card?,0,human_cfpb_complaints,dispute,3696653
loan modification I just received on Friday redacted redacted a summons and a unlawful retainer. There was no information from the bank regarding property of sale nor approval or denial of a loan modification. The bank did not reply to my request for a complete audit of the loan account. Also if the property was sold why wasnt I notified prior.,0,human_cfpb_complaints,dispute,2285631
"On redacted/redacted/2022 please be sure to enter dates that all letters were sent. I sent disputed to redacted, Equifax and redacted for inaccurate information reporting on my credit report. I listed the accounts and told them Of violations they were making to my consumer report.. This company has violated FCRA 623 ( a ) b ) by failing to mark this disputed account as disputed ( letters attached to show when I disputed account below ) 605 ( c ) running if the period has also been violated as the date of last activity on this account is reporting. When it should reflect the last date a payment was made. This company has continuously failed to validate this collection account futher violating FDCPA 809b per the FTC opinion",0,human_cfpb_complaints,dispute,5065144
"Someone got a hold of my identification and social security number. I can no longer access my credit, bank account, redacted, redacted, redacted, accounts. Someone has been taking my mail until recently when I got a po box .",0,human_cfpb_complaints,dispute,5591408
I am a victim of identity theft. I am writing to request that you block the following Incorrect information from my credit report. Someone has used my personal information to obtain loans and credit cards from.,0,human_cfpb_complaints,dispute,6107123
"Venmo has frozen my account and is holding me hostage for an amount. My boyfriend had sent me various amounts of money in redacted/redacted/2021 for groceries and shopping things. Now out of nowhere Venmo says my boyfriend disputed the charges ( which he says he did not ). Now instead of investigating the dispute they just assumed it was correct and have tried to take money from my account. I have sent many emails to them explain my boyfriend did not dispute any charges, he called his bank and they said they would reach out to Venmo, and he sent a support ticket to Venmo. Venmo has been extremely rude and unhelpful. How can they refund money sent with the comment groceries from two months ago.",0,human_cfpb_complaints,dispute,5135181
"redacted, redacted .tranunio I have done online disputes disputes by mail and called there fraud depts about in authorized disputes and the always say they were validated and accurate which ifalse is have filed complaint with fcra filed a identity theft report called each individual inquiry 1 company removed it These are the inquires that Still remain and are so called validated By bureau redacted redacted redacted redacted redacted redacted redacted redacted redacted redacted redacted redacted redacted redacted redacted redacted redacted These r violations 15 u s c 1681 section 602 a states I have a right to privacy 15 u s c 1681 604 sec 2 also states a consumer reporting agency cant furnish a account without my written permissin",0,human_cfpb_complaints,dispute,5814281
I demand the deletion of the fraudulent accounts and inquiries listed below which all resulted from the Reported Incident of Identity Theft. FRAUDULENT AND INACCURATE ACCOUNTS THAT SHOULD BE DELETED : 1. a date- Account # redacted ( Reported Identity Theft ) - Fraudulently Opened on a date. FRAUDULENT AND INACCURATE INQUIRIES THAT SHOULD BE DELETED : 1. a dateon a date redacted Reported Identity Theft ) 2. redacted redacted on a date redacted Reported Identity Theft ) redacted. redacted redacted on a date redacted Reported Identity Theft ),0,human_cfpb_complaints,dispute,4077135
"In according with the Fair Credit Reporting act redacted, Account name- redacted redacted Account redacted redacted, has violated my rights. 15 U.S.C 1681 section 602 A. States I have the right to privacy. 15 U.S.C1681 Section 2 : It also states a consumer reporting agency can not furnish a account without my written instructions",0,human_cfpb_complaints,dispute,6231975
"There are unknown hard inquiries on my credit report. Im requested the verification of the inquiries and the method of verification. On a date, a date, redacted. redacted, redacted, a date, BANK OF AMERICA add a hard inquiries on my credit reports. But companies did not provide the following proof : Permissible Purpose My written authorization Proof that I personally initiated these inquiries. To my knowledge, I have not signed any documents authorizing your organization to view my credit history therefore, your inquiry into my credit report violates the Fair Credit Reporting Act, Section 1681b ( c ) : Transactions Not Initiated by Consumer.",0,human_cfpb_complaints,dispute,4053732
The problem is I reported inaccurate inquiries to TransUnion and instead of them investigating and removing the false & unauthorized inquiries they just mailed me a general letter about inquiries. I found that disrespectful to say the least. My personal information was used against my consent and for TransUnion to not even properly investigate the matter is totally unacceptable. I have attached all letters and documents I sent to TransUnion. Thank You redacted bless,0,human_cfpb_complaints,dispute,4600677
"I am incredibly frustrated and angry about an unauthorized charge of $150.00 on my credit card. This charge (#1234567) appears as ""$bizzarro_stuff_online#4034 on 09/21/2023. I NEVER made this transaction or authorized it. I want it REVERSED IMMEDIATELY! Additionally, it can't be happen again. I demand your immediate attention to resolve this error and protect my account from future fraud (because if this continues I will work with a lawyer to help me with this.)",1,ai_mistralai,dispute,dispute_topic00
"Dear [Credit Card Company],

I'm furious about an unauthorized $150 charge on my card. I am  currently overwhelmed with work and family and do not have the time to deal with this. I demand a full refund and an explanation. Make this right immediately or I'll escalate this. I need this resolved before my next billing cycle.",1,ai_minimax,dispute,dispute_topic00
"I was rushing through my day.  I have a job that requires me to be on top of my game and two kids at home who need my attention, from homework to dinner, to bedtime. I was exhausted and just checking my credit card activity.  I found an unauthorized charge of $200.  I was stressed and upset.  How could someone have access to my card? I immediately called the card company to report it but got no resolution.  I'm busy juggling everything and now I have this on my plate. I need some help.",1,ai_mistralai,dispute,dispute_topic00
"I am absolutely furious about an unauthorized charge of $300 on my credit card. I did not make this purchase, and I want this resolved immediately. I have tried reaching out and your customer support was useless. For anyone this is a complete inconvenience.

The charge was made on August 15, 2023, at a store I have never heard of, let alone visited. This is a clear case of fraud, and I expect the bank to take immediate action. I've attached the relevant transaction details and a copy of my statement for your reference. Please reverse this charge immediately, and investigate this fraudulent activity aggressively. I expect the same treatment you would give to someone in my position, with a full refund and an explanation of how you will be protecting my future from identity theft.",1,ai_minimax,dispute,dispute_topic00
"Dear Sir/Madam,

I'm writing urgently regarding an unauthorized charge of $150 on my credit card statement. As a busy parent of two, I don't have time to waste on unnecessary fights, but this is unacceptable. I haven't made this purchase, and I need this resolved immediately. Please investigate and refund the amount. I've attached a copy of the statement for your reference.

Thank you,

[Your Name]",1,ai_minimax,dispute,dispute_topic00
I returned an item on 9/15 and the refund of $120.50 has not appeared in my account. The return was confirmed by the seller on 9/18. I desperately need this money for tuition. The transaction ID is 7234987234.,1,ai_mistralai,dispute,dispute_topic01
"I am incredibly frustrated and angry about a recent refund that has never arrived. I returned an item to a company on October 5th, and they promised a refund within 10-15 business days. It has been over a month, and I still haven't seen any refund in my account. I have contacted a company multiple times, but they have been utterly unhelpful. I finally filed a dispute, but to my surprise, the refund amount is missing from my account. This is absolutely unacceptable. I expect my bank to step in and resolve this issue immediately. Please investigate. I need that money returned to me, and I cannot wait any longer.",1,ai_mistralai,dispute,dispute_topic01
"Dear [Company's Customer Service],

I am writing to express my disappointment regarding a recent refund transaction. On [Date], I initiated a return for an item, and the order was confirmed as returned on [Date]. According to the company's policy, a refund should be processed within [Specified Time Frame] and I followed all the steps required. Yet, the refund of $[Amount] has not been received. I have checked my bank statements and have contacted my bank, but there is no record or trace of it. I have attempted to resolve this through normal communications, but the issue has not yet been addressed. I am requesting immediate clarification and resolution to this matter.",1,ai_minimax,dispute,dispute_topic01
I am furious. I paid for a package but it was NEVER delivered and you have the audacity to mark it delivered?  You are essentially a fellow shoplifter.  I'm tired of this. This is the third time this has happened.  Can you please figure out where my package it or refund my money?,1,ai_mistralai,dispute,dispute_topic02
I am outraged. A package marked as delivered on July 18th via your service was never received. I paid for expedited shipping and it has not arrived. This is unacceptable and I demand a full refund and resolution.,1,ai_minimax,dispute,dispute_topic02
"Subject: URGENT: Package Missing - Incorrect Delivery Status

Dear Support, I need immediate assistance. A vital shipment (Tracking #123456789) is marked ""delivered"" but never arrived. This is causing significant issues for my business. Please investigate and resolve urgently.",1,ai_mistralai,dispute,dispute_topic02
"Dear [Payment Provider],

I am writing to dispute a recent charge on my account for a subscription service that I have previously cancelled. The subscription to [Service Name] was terminated on [Cancellation Date] through the service's website. I have confirmed cancellation via email on [Email Date] The recent charge of [Amount] on [Charge Date] is unrecognized on my end.

I have attached a copy of the cancellation confirmation email and [any other relevant documents for clarity], as per your dispute documentation requirements. Please review and process a refund for the incorrect charges.

Thank you for your prompt attention to this matter.

Best regards,
[Your Name]",1,ai_mistralai,dispute,dispute_topic03
"Dear [Payments Company] Customer Service,

I am writing to express my frustration with the continued charging of a subscription that I canceled several weeks ago. I canceled the subscription through the app on 30th October and was assured the cancellation was effective immediately. Despite this, I see another charge on my statement for the current month, which is not acceptable.

As a busy parent of two, managing finances is already challenging, and unexpected charges make it even more difficult. Could you please confirm the cancellation immediately and refund the recent charge? I look forward to your prompt resolution on this matter.

Thank you for your attention.

Best regards,
[Your Name]",1,ai_minimax,dispute,dispute_topic03
"Subject: Urgent: Unauthorized Charges After Cancellation of Subscription

Dear [Payments Company],

I am writing to express my frustration and concern regarding unauthorized charges on my account linked to my [specific subscription name] subscription. I clearly cancelled the subscription on [ specific date], yet I continue to see charges from [subscription name] on my statement. This is a critical issue and I need it resolved immediately. Please confirm the cancellation and stop further charges. Prompt action is expected as this is my primary method of payment.",1,ai_minimax,dispute,dispute_topic03
"Dear [Service Provider],

I urgently need your assistance. I canceled my subscription on [date], yet I'm still being charged. I have two young children and a hectic schedule. I am unable to find the time to be continually chasing you for cancellation. Kindly confirm the cancellation and refund the recent charge immediately. If I don't hear back please consider this my warning of pursuing further actions as I cannot afford to pay for a service I didn't use.",1,ai_mistralai,dispute,dispute_topic03
"I am furious and extremely frustrated! I cancelled my subscription to Elite Traveler exactly one month ago. Your system continues to charge me $39.95 monthly, claiming I am subscribed to a ""renewed"" subscription I never agreed to! This has to be fixed now.",1,ai_mistralai,dispute,dispute_topic03
"Subject: Urgent: Double Billing for Purchase #123456

Dear [Billing Department],

I am writing to express my extreme frustration with a recent billing error. I was charged twice today for the same purchase under order number 123456. This is incredibly misleading.   Please investigate this matter immediately and credit my account for the overcharge. This error is not only inconvenient but also puts a strain on my cash flow. I expect this to be resolved promptly.

Please confirm receipt of this letter and provide a timeline for the correction.

Sincerely,

[Your Name]
[Your Business Name]
[Your Contact Information]",1,ai_mistralai,dispute,dispute_topic04
"The office worker stared at the notification on her phone. There it was- double charges for a single purchase. Her morning lit screeching to a halt as frustration engulfed her. ""How can this happen?” she muttered. “They know I don't have a big budget.""",1,ai_minimax,dispute,dispute_topic04
"I was charged twice for the same purchase on [Date]. My account was debited $XX for the purchase of [item] at [vendor]. Once would have been frustrating enough; being double-billed is unacceptable. Please, fix this ASAP.",1,ai_mistralai,dispute,dispute_topic04
"Dear [Payment Provider],

I kindly request your assistance. I was double-billed for a single purchase of educational materials on [date]. The transactions occurred at [time]. I have attached the relevant receipts for your review. Please refund the incorrect charge of [amount]. Thank you.",1,ai_minimax,dispute,dispute_topic04
"I am writing to express my extreme frustration with the recent late fee charged to my account. I have been a loyal customer for years, and I always pay my bills on time, as evidenced by my perfect payment history. I made the payment for the current billing cycle on the due date, October 5th, and yet, I was charged a late fee of $29.99 on October 12th.

When I contacted support regarding the erroneous late fee, I was told that the payment was not processed until October 7th. This is completely unacceptable as I have documentation showing a successful on-time payment. I demand an immediate refund of the late fee and a formal apology for the inconvenience and frustration this has caused. Unless this is rectified promptly, I will be forced to consider other gaming services.",1,ai_mistralai,dispute,dispute_topic05
"Dear Support Team,

I am urgently writing to report a billing error. My account has been double-billed for a single purchase of $150.00 on October 5th. This error was made me had a bad day and the charges cannot go unnoticed. I have included the reference codes and attachments necessary for proof. A Credit of $300.00 is now due. Kindly expedite resolution.

Eagerly awaiting your swift action.

Thank you.",1,ai_minimax,dispute,dispute_topic04
"I am absolutely furious about the late fee of $35 that has been unjustly charged to my account. I have been a loyal customer for years, and I always ensure that my payments are made on time. I paid my bill on XX-XXX-XXXX no later than 5:00pm. There has been no mistake, I emailed a copy to the payment team, along with an automated confirmation email from my bank and I have screenshots. I demand that this fee be refunded and my account be credited with the $35 immediately. I will not accept a reversal into the next billing period. This is unacceptable, there is no justification for this late fee and it needs to be resolved immediately.",1,ai_mistralai,dispute,dispute_topic05
"I paid my child's school late fee on time, but today I received a notice saying I owe another late fee. This is the second incident this year. I have proof of payment showing the last fee was paid on time. I've been stressed and upset over this because I feel like I'm being treated unfairly. I'm scared about another fee, even if I pay on time. I worked hard for this money and I'm being penalized unjustly when I've tried my best. This situation is extremely urgent, and I need this resolved.",1,ai_minimax,dispute,dispute_topic05
"I paid my tuition fee on the due date, but a late fee was charged to my account. I kindly request you to review the transaction and waive the late fee. Thank you for your assistance.",1,ai_mistralai,dispute,dispute_topic05
"""Support, I urgently need assistance. I was charged a late fee despite paying my invoice #1234 on time. My payment was received on 2023-10-03, as confirmed by my bank. Please reverse the $50 late fee immediately and let you know how to prevent this from happening again because I might need to cancel my services or escalate this situation""",1,ai_minimax,dispute,dispute_topic05
"To Whom It May Concern,

I am writing to dispute a fraudulent charge on my account that is the direct result of card skimming. I am a nurse who works extremely long, exhausting shifts, and I should not have to spend my limited time off fighting theft from my account. I did not authorize this transaction, nor did I make this purchase. My card information was clearly compromised and cloned by a skimming device, likely at a gas station or ATM I used recently.

I am requesting an immediate reversal of this charge and a full investigation into how my data was stolen. I have been a loyal customer, and I expect my concerns to be taken seriously and resolved quickly. Please issue my refund without delay. I will not tolerate being treated as if I am responsible for this fraud.",1,ai_minimax,dispute,dispute_topic06
"I must contest a fraudulent charge from March 15, 2023, within 30 days of discovery; I believe my card was skimmed. The charge of $XXX.XX from an unknown merchant in a city where I did not travel, and I did not authorize this transaction!!! Please reverse the charge ASAP. I have already canceled my card. This is a complete fraud. I urgently need a call back confirming this fraud and request a new card as soon as possible. The sooner you can handle this the better. I am anxious and stressed concerning the situation.",1,ai_mistralai,dispute,dispute_topic06
"A teacher, Mr. Thompson, recently faced a fraudulent charge of $500 after his card was skimmed at a local café. He was in shock and stressed, feeling the consequences of the breach. His bank alerted him, but filing a report and bank resolution were a painstaking process. The teacher spent hours locked in phone calls, desperately arranging urgent checks on his account and temporarily freezed transactions.",1,ai_mistralai,dispute,dispute_topic06
"I'm urgently disputing a recent charge from an unrecognized merchant, totaling $150 on March 15th, as I believe my card information was stolen, likely due to card skimming. I have not made any purchases at this location. This unauthorized transaction occurred after a meal at a local restaurant. I have checked with the restaurant staff and staff do not seem to recognize the charge. I request a complete reversal of this charge. I've already reported this to my bank.",1,ai_minimax,dispute,dispute_topic06
"""Urgent: yesterday's order arrived broken, I've sent 2 emails & a text. No response. Need a refund asap - I understand the store is closed but my kids need the missing parts urgently. Please advise"".",1,ai_mistralai,dispute,dispute_topic07
"Dear [Payments Company] Customer Support,

I am writing urgently regarding a transaction ID [XXXXX]. I purchased a high-value equipment from a seller but it arrived damaged. I've reached out to the seller repeatedly, but they have ignored my emails for two weeks. This equipment is critical to my small business's operations and the delay is causing significant disruption and financial loss.

I need your immediate assistance to either refund my payment or expedite a replacement directly from the seller. I have proof of purchase and photos of the damage. Please, it is crucial for me to resolve this issue as soon as possible.

Thank you, I await your prompt assistance.

Best Regards,
[Your Name]
[Your Small Business Name]",1,ai_minimax,dispute,dispute_topic07
"Subject: Urgent Fraudulent Charge Dispute

Dear [Payment Provider],

I am writing to urgently report a fraudulent charge on my business account. This morning, I discovered a charge for $1,200 from an unknown merchant in a different state. This is not a charge we made. Having checked my records, I realized my card details were likely skimmed at a recent gas station. This will significantly impact my small business if not resolved promptly. I request an immediate investigation and a refund for the disputed amount.

Please contact me as soon as possible to resolve this matter.",1,ai_minimax,dispute,dispute_topic06
"I am contacting you regarding a recent purchase where the item arrived significantly damaged. I have attempted to resolve this issue directly with the seller but have been ignored. The transaction ID is [Transaction ID], and the order number is [Order Number]. I have provided clear evidence of the damage in my messages to the seller. Despite my multiple attempts to communicate, I have not received a response or resolution. I kindly request that you intervene and assist in reversing the charge or facilitating a refund. Thank you for your prompt attention to this matter.",1,ai_mistralai,dispute,dispute_topic07
"I need immediate assistance! I recently purchased an item that arrived severely damaged. Despite multiple attempts to contact the seller via email and phone, they have completely ignored my messages. I have attached proof of purchase and photos of the damage. Please urgently intervene and help me either get a replacement or a refund. This is unacceptable, and I expect swift action.",1,ai_mistralai,dispute,dispute_topic07
"Subject: Urgent Attention Required: Damaged Item and Ignored Complaints

Dear [Seller's Name],

I am writing to express my frustration and disappointment with the recent purchase from your store. The item I received, [ Item Name ], arrived in a damaged condition. Despite contacting your customer service multiple times over the past week, my complaints have been completely ignored.

This is unacceptable. I expect immediate action to resolve this issue. Please either send a replacement or process a refund. I have attached pictures of the damaged item for your review. Your prompt attention to this matter is greatly appreciated.

Thank you,
[Your Name]",1,ai_minimax,dispute,dispute_topic07
"Subject: Urgent: Duplicate Subscription Charge Dispute - Same Month

Dear Support Team,

I am writing to urgently dispute a duplicate subscription charge that has occurred within the same month. I was charged twice for my subscription service, which is causing significant financial strain to my small business operations. This is absolutely unacceptable, and I need this resolved immediately.

Please investigate this matter and rectify the issue promptly. I expect a refund for the duplicate charge and reassurance that this will not happen again. I'm attaching the relevant invoice details for your reference.

Please contact me as soon as possible to confirm the resolution. I look forward to your quick response and immediate action.

Thank you,
[Business Name]",1,ai_minimax,dispute,dispute_topic08
I am writing to express my extreme frustration and anger regarding a duplicate subscription charge that has appeared on my account for the month of March. I have consistently paid the subscription fee and have been charged correctly in the past. This inexplicable double charge is not only unfair but also entirely unacceptable. I demand an immediate refund and an explanation as to how this error occurred.,1,ai_mistralai,dispute,dispute_topic08
"Dear [Payment Provider], I am writing to dispute a duplicate subscription charge on my account for the gaming service [Service Name]. On [Date], I was charged $X.XX twice for the same monthly subscription, totaling $2X.XX. I have reviewed my transaction history and can confirm that this is an error. I have already paid for the subscription and should not have been billed twice. I kindly request that you investigate this matter and refund the duplicate charge of $X.XX. I have attached supporting documents, including a screenshot of my transaction history. I appreciate your prompt attention to this issue. Thank you for your assistance.",1,ai_mistralai,dispute,dispute_topic08
I recently noticed I've been charged $29.99 twice this month for my subscription. I've never had an issue before and now I'm getting all kinds of teasing emails inviting me to buy more subscriptions! I’ve already reached out to your billing department with no resolution. I'm 72 years old and can't afford this.  Please resolve this immediately.,1,ai_minimax,dispute,dispute_topic08
"I am writing to dispute a duplicate subscription charge for [Service Name] that appeared on my statement for [Month, Year]. The charge, amounting to [ Charge Amount],  is in addition to the charge from the previous billing cycle. This has not occurred in the past, hence, I request a refund for the duplicate charge with the earliest convenience.",1,ai_minimax,dispute,dispute_topic08
"I am beyond frustrated that my recent payment failed yet was STILL deducted from my account! As a nurse working grueling shifts, I have NO time to chase your billing errors. I demand an immediate investigation and full refund of these unauthorized funds. This is unacceptable and will be reported if not resolved today!",1,ai_minimax,dispute,dispute_topic09
"Dear [Bank/Company],

I am writing to express my extreme frustration regarding the recent failure of a scheduled payment and the resulting unethical handling of the deduction from my account. As a retiree living on a fixed income, every cent counts, and this error is unacceptable. Despite the payment failing, the amount was still deducted from my account on [date], leaving me in a precarious financial situation.

I demand immediate rectification. Please reverse the incorrect deduction and ensure the payment is not attempted again until it can be successfully processed. This has caused me great inconvenience and stress. I expect this matter to be resolved swiftly and efficiently.

Thank you,

[Your Name]",1,ai_mistralai,dispute,dispute_topic09
"I am absolutely furious. I just checked my bank account and found out that a payment for a school workshop was automatically deducted, even though the payment failed on the school's end. I have been trying to sort out this issue since yesterday with no luck. I need this resolved immediately. I cannot afford to lose this money, especially since I was informed the payment was not successful. I expect a full refund and an explanation as to why this happened. Please address this issue as soon as possible. I do not appreciate my money being taken without cause.",1,ai_mistralai,dispute,dispute_topic09
"Subject: Urgent Complaint – Disputed Restaurant Overcharge Requiring Immediate Resolution

To Whom It May Concern,

I am writing in a state of considerable frustration to formally dispute an incorrect charge on my card account, and I urge your team to treat this matter with the utmost urgency.

On [date], I visited [Restaurant Name] in [Location]. My itemized bill totaled $XX.",1,ai_minimax,dispute,dispute_topic10
I hope this message finds you well. I'm writing to dispute a recent charge on my card from a restaurant and this is a legitimate reason. The transaction amount appears to be overcharged. I made a purchase at the restaurant with the same items costing $55.00 instead of the $100 plus charged on my account. I have attached a copy of the receipt. I am requesting a detailed explanation and am hoping this can be resolved promptly. I've been a long-term customer and appreciate your assistance in rectifying this issue. Thank you for your time and understanding.,1,ai_mistralai,dispute,dispute_topic10
"Dear Customer Support,

I am writing to dispute a recent transaction on my account. On [date], I attempted to make a payment of [amount] for [service/product], which was declined due to a processing error. However, the amount has still been deducted from my account, leaving my balance lower than expected and causing financial concern, especially as a retiree on a fixed income.

I have attached the relevant transaction details for your reference. I kindly request that you investigate this matter promptly and refund the deducted amount if no corresponding transaction was completed. Please confirm receipt of this message and provide an update on the resolution timeline.

I trust this will be resolved fairly and swiftly. Thank you for your time and attention.

Sincerely,
[Your Full Name]",1,ai_minimax,dispute,dispute_topic09
"I am absolutely furious! I just got my card statement and there's a charge from some restaurant called ""Burgers and Beers"" for $250! I've never been there and I certainly didn't order a $250 meal. The last time I used my card was for a $20 lunch at another place. What the heck is going on here? I demand to know where this overcharge came from. This is not only frustrating but also completely inconceivable. There should be an investigation - I think I've been a victim of card fraud. I expect a full resolution and a refund immediately!",1,ai_mistralai,dispute,dispute_topic10
"I am furious about an unauthorized overcharge on my card. I spent $50 at a restaurant, but $150 was charged. I have no idea why this happened and it has caused a ton of stress. I need this resolved asap before I get my second job to cover the increased costs.",1,ai_minimax,dispute,dispute_topic10
"Dear Sir/Madam,

I am writing urgently regarding an unauthorized cash withdrawal from my account on [Date]. I am a busy parent of two and only noticed this discrepancy late last night. The transaction, valued at [Amount], was made at an ATM I have never used and in an area I have never visited. I am very stressed and do not understand how this could happen. Could you please investigate this urgent issue at your earliest convenience? I have never used this ATM.

Thank you.

Best regards, [Your Name]",1,ai_mistralai,dispute,dispute_topic11
"I need immediate assistance with an unauthorized transaction on my account. On [DATE], I noticed a $500 withdrawal from an ATM in [CITY], which I did not make. I was at home with my kids all day and did not leave the house. I have never been to [CITY] and have no idea how this transaction was made. This is very stressful as I am a busy parent and this transaction has caused serious issues with my account. I have never had a problem with my bank account like this. Please help me with urgency to resolve this transaction.",1,ai_mistralai,dispute,dispute_topic11
"I urgently need to dispute a charge from a recent restaurant visit. This is causing me a lot of stress as I am certain that the amount charged is incorrect. The transaction (Order #12345) was completed on [Date], at [Name of Restaurant] for $125.00. My card statement reflects a charge of $150.00 instead. This discrepancy of $25.00 is significant and needs immediate attention. I have documentation from the restaurant's receipt that proves my claim. Please review this as soon as possible to resolve the issue and refund the overcharged amount. The restaurant's manager has already confirmed the discrepancy so I am sure this will be resolved quickly.",1,ai_minimax,dispute,dispute_topic10
"I was at work doing my rounds when my phone suddenly buzzed. It was a text from my bank alerting me about a $500 cash withdrawal from an ATM—an ATM I've never even seen before! I was angry and frustrated, wondering how this could have happened. I rushed to the nurse's station, alerting my supervisor to my predicament. I always double-check every purchase, and I know I didn't make this withdrawal. My first thought was to cancel my cards. This has shaken my trust in my bank.",1,ai_mistralai,dispute,dispute_topic11
"""I'm absolutely furious! I never made a $200 withdrawal from the ATM on Maple Ave yesterday. Someone must have stolen my card details. This is the third time this month. I demand a full investigation and refund ASAP. I can not afford to have this happen again.",1,ai_minimax,dispute,dispute_topic11
"I checked into a hotel before leaving for a conference, only to find them issuing me a $600 deposit and I get the bill later indicating that a fine was deducted from the deposit for what I didn't cause. I approached the manager, explained, and request a refund, and he assured me the money will be refunded. It wasn't returned so I emailed politely but firm, explaining the situation with a copy of the receipt and hotel policy on deposits. I'm hopeful I will get a resolution soon.",1,ai_mistralai,dispute,dispute_topic12
"I am extremely frustrated and angry about a transaction with XYZ Hotel. On October 1st, I was charged a $300 deposit for a stay that lasted from October 5th to 7th. The total amount paid during the stay was $500. However, when I checked out, the hotel assured me the deposit would be returned to my card within 7-10 business days, which it hasn't.

It's been over 20 days, and not only have I not received the refund, but the deposit amount is also not reflected in the transactions. This is not the first time this has happened, and I insist that you resolve this issue, as this is absolutely unacceptable and doesn't reflect as a fair conduct within this business relationship.",1,ai_minimax,dispute,dispute_topic12
"As a busy parent managing two children I spent a considerable amount of money on a hotel stay for a much-needed respite. Deposits were charged(paid in advance for peace of mind) but despite my requests to the hotel, they are refusing to return the deposit, leaving me angry and frustrated.",1,ai_mistralai,dispute,dispute_topic12
"Subject: URGENT: Unreturned Hotel Deposit - Charge ID: 123456789

Dear [Payment Provider],

I am writing urgently regarding an unreturned hotel deposit. On [Date], I made a non-refundable deposit of [$amount] for a stay at [Hotel Name] using my card ending in 1234. The charge ID was 123456789. Upon checking out, I was assured that the deposit would be returned within 7-10 business days. It has been over 30 days, and I still haven't received the refund. I've contacted the hotel, but they are unresponsive. Please investigate and help rectify this immediately. I need this deposit back for medical expenses. Thank you.",1,ai_minimax,dispute,dispute_topic12
"An office worker is urgently seeking a refund for a cancelled flight. Despite months of waiting, the refund is still pending, causing significant stress and frustration.",1,ai_mistralai,dispute,dispute_topic13
"I am furious about a hotel charging a deposit that was never returned. I booked a room at the XYZ Hotel for 3 nights in December, and they charged my card 200 USD as a deposit. The stay was perfect, and I checked out without any issues. It's been 3 months, and the deposit still hasn't been returned. I've contacted the hotel multiple times, but they're ignoring my requests. This is unacceptable, and I demand a refund.",1,ai_minimax,dispute,dispute_topic12
"I am writing to express my extreme frustration with the handling of a refund for a cancelled flight with your company, it's been 6 months! This is unacceptable, I can't tolerate the lack of resolution and the feeling that my patience is being taken advantage of.   As these weeks turn into months, the financial impact feels like an unfair consequence and it is not fair to be waiting this long for an issue of something as simple as a refund. Hope you ensure I'm paid back as soon as possible.",1,ai_minimax,dispute,dispute_topic13
"""This is ridiculous! My flight was refunded and canceled November 22, 2023 and the refund is still pending. There's no reason this shouldn't be resolved by now. Please escalate immediately!""",1,ai_mistralai,dispute,dispute_topic13
"Dear [Airline],

I am furious and at my wit's end. Six months ago, my family's flight was canceled, and we've been promised a refund. Still, nothing. As a busy parent of two, this is intolerable. I've called, emailed, and even tweeted, with no resolution. I demand an immediate refund or  I will have no choice but to escalate.

Sincerely,
[Your Name]",1,ai_minimax,dispute,dispute_topic13
"Dear [Service Provider],

I am writing to respectfully dispute the denial of my warranty claim for a covered defect. My educational tool has been experiencing the malfunction, despite being under warranty. This is a clear breach of the warranty terms. I expect a resolution by the end of your business week.",1,ai_minimax,dispute,dispute_topic14
"I am absolutely outraged that I've been contacted by your bank company about my warranty claim  was denied. My television stopped working weeks ago, and I have all the documents to back up my claim. I've already contacted the manufacturer regarding my warranty I am very disappointed that you have chosen to not follow up with the agreement outlined in the warranty I have a deadline I must adhere to make a claim of any sort.",1,ai_mistralai,dispute,dispute_topic14
"[Your Name]
[Your Business Name]
[Your Address]
[City, State, ZIP Code]
[Date]

[Manufacturer's Name]
[Manufacturer's Address]
[City, State, ZIP Code]

Dear [Manufacturer's Contact Person],

I am writing to respectfully dispute the denial of warranty coverage for a defect in the [Product Name] purchased by our business. The defect is [describe the defect briefly]. As a small business, this equipment is essential to our operations, and having it go out of warranty because of [A manufacturer problem], we couldn't afford to have such issues. can you help so we'll be able to continue doing our operations.

Thank you for your prompt attention to this matter. Please contact me at [Your Phone Number] to discuss further.

Sincerely,

[Your Name]",1,ai_mistralai,dispute,dispute_topic14
"Subject: Unacceptable Price Hike at Checkout - Order #12345

I am absolutely furious about the price discrepancy I encountered during my recent purchase. I selected items based on the advertised prices, but at checkout, the total was significantly higher. This is completely unacceptable and feels like a bait-and-switch. I demand to speak with a manager! Please address this issue immediately, I want the promised price and a refund for the extra charges.",1,ai_mistralai,dispute,dispute_topic15
Please advise immediately: I was charged $30.00 more than the advertised price of $99.00 for a recent purchase; transactions shows $144.00 deducted from my card. This has caused my banking account to overdraw and overdraft fees to accumulate now i need to receive the amount of $45.00 back in my account because this has put me in financial jeopardy and has caused a lot of stress and anxiety.,1,ai_minimax,dispute,dispute_topic15
I am beyond frustrated and angry that my warranty claim for a covered defect was denied. I paid for a reliable product and these repeated failures are unacceptable. This needs to be corrected immediately by doing a full reimbursement.,1,ai_minimax,dispute,dispute_topic14
"A college student, hurriedly shopping on a tight budget, picks up groceries as per the advertised prices.
As she unloads her basket, the shop assistant rings up an unexpectedly higher total.
The student looks at her receipt again but all the prices before the ""total price"" are correct. She speaks to the assistant immediately,
“These prices do no add up.”",1,ai_mistralai,dispute,dispute_topic15
"I am absolutely furious! I went to your website and the price for my item was 30$. When I went to checkout, the price increased to $50. I've never been insulted like this in my life!",1,ai_mistralai,dispute,dispute_topic15
"I am absolutely furious! Your advertisement clearly showed the item at $29.99, but when I got to the register it rang up as $42.50. As a senior on a fixed income, I budget carefully and cannot afford to be deceived like this. This is dishonest and unacceptable. I demand that you honor the advertised price immediately, refund the difference, or I will be reporting this bait-and-switch to the Better Business Bureau and every consumer protection agency I can find.",1,ai_minimax,dispute,dispute_topic15
"Dear Payment Provider, I am writing to dispute a recent transaction. My $100 gift card balance for Acme Store has vanished. The last transaction was unauthorized. I kindly request an immediate investigation and refund. Thank you, [Your Name].",1,ai_minimax,dispute,dispute_topic16
I'm extremely frustrated as I just checked my gift card balance and it's gone. I last used it on 9/30/2023 where I thought the balance was $150. The code is 1234-5678-9012-3456. I've double checked all my transactions. Where did the remaining $150 in balance go? This needs to be resolved quickly. Thank you,1,ai_mistralai,dispute,dispute_topic16
"I am writing to dispute a charge on my account. On [date], I had a gift card with a balance of [amount]. I attempted to use it at [store/location] and was informed that the balance was $0.00. I checked my bank statements and saw a charge from [merchant/retailer] for the full amount of the gift card on [date]. I have not made any recent payments or transactions that would explain this, I believe I'm missing funds, and I need clarification and resolution, I do not authorize any unauthorized payment.Since this appears to be an error, please look into the issue and reverse the charge so the balance of my gift card is reinstated.",1,ai_mistralai,dispute,dispute_topic16
"Dear [Store],

I'm a busy parent of two, and have noticed that my gift card balance has vanished. This is a shockingly unpleasant experience. Could you please help me track down a solution? Thank you.",1,ai_minimax,dispute,dispute_topic16
"I am writing to urgently address the recurring donation from my account to your organization. I have attempted to cancel this payment multiple times, but it continues to be deducted. This is causing me significant financial stress, especially as a retiree. Please stop these charges immediately and confirm the cancellation in writing. I insist on this matter being resolved promptly to avoid further issues. Thank you.",1,ai_mistralai,dispute,dispute_topic17
"I kindly request your immediate assistance. Despite cancelling a recurring donation on June 1st, charges continue to appear on my account. Please investigate and stop all future charges. Awaiting your prompt resolution to rectify this matter. Thank you",1,ai_minimax,dispute,dispute_topic17
"I'm urgently trying to cancel a recurring donation that continues to process. The donor submitted a request on Dec 5th. I've canceled the donation through the donor's portal and through customer service, but it's still processing as of today, and the customer is being charged with it every month. Please stop the monthly donation and provide a refund for the latest charge.",1,ai_mistralai,dispute,dispute_topic17
"I urgently need to dispute a recurring donation for $50 from [Charity Name] on [date]. I've cancelled, but it still went through. Please stop future payments and refund.",1,ai_minimax,dispute,dispute_topic17
"I am outraged and exhausted by the recurring charges from a cancelled donation. I have cancelled it three times, each time assured it would stop. I demand immediate cessation and a refund for the overcharged amount. This is inexcusable and I want this resolved immediately.",1,ai_mistralai,dispute,dispute_topic17
"Dear Sir/Madam, I am writing to express my concern regarding a wire transfer, processed on October 5th. The recipient has not yet received the funds. Could you please investigate this urgent matter? The transaction ID is 12345. Thank you for your prompt attention.",1,ai_minimax,dispute,dispute_topic18
"Dear [Bank Manager's Name],I am writing to urgently report a critical issue. I initiated a wire transfer on [ date ] for [exact amount] to cover my mother's urgent medical expenses. The funds have not arrived, and she is in desperate need. I have checked with the hospital and the money has not yet been received, causing delays in her treatment. Please investigate this matter immediately and contact me as soon as possible to ensure my mother's care is not disrupted.

Thank you, [Your Name].",1,ai_mistralai,dispute,dispute_topic18
"Subject: URGENT: Missing Wire Transfer - Immediate Assistance Needed!

I submitted a wire transfer yesterday to [Recipient's Name], tracking ID [Tracking ID], and the details, which they are not receiving funds yet and that they were supposed to receive it already. This transfer is urgent and affecting me, and the recipient's finances. I need immediate assistance to resolve this!",1,ai_minimax,dispute,dispute_topic18
"Dear [Payments Company],

I am writing to express my utter frustration with your service. Last week, I initiated a wire transfer to my family member in a different country. The transfer was supposed to arrive in 3 business days. It has been 7 days, and the recipient still has not received any funds. I have called your customer service multiple times but have been put on hold for hours, only to be disconnected. This is not the first time I've had issues with your service, and I am beyond frustrated. I expect a full refund and compensation to both cover this transfer and all the money I am losing as a result. My family relies on these payments to support their daily needs. I demand urgent intervention and demands on how to prevent this sort of thing in the future.",1,ai_mistralai,dispute,dispute_topic18
"Subject: URGENT: Missing Wire Transfer - Account Security Concern

Dear Support Team,

I urgently need your help! I attempted to send a wire transfer of $5000 to my mother-in-law's account two hours ago, but she hasn't received it. I checked the confirmation but there's nothing in her account. I have two young kids to take care of, and I need this money to be transferred immediately. Please check the status and revert immediately.  I am worried this might be a scam. If she doesn't receive the money by the end of the day, this will be a huge financial problem.",1,ai_minimax,dispute,dispute_topic18
"Subject: Dispute on Double Charge for a Single Meal Transaction

Dear Support Team,

I hope this message finds you well. I am writing to formally dispute a double charge for a single meal transaction of $29.99 with Merchant ID XXX.

My order number is 12345. Here are the details:

Original Charge: 1/10/2023 3:45 PM $29.99

Duplicate Charge: 1/10/2023 3:45 PM $29.99

I kindly request the reimbursement of the duplicate charge. Thank you for your assistance.",1,ai_mistralai,dispute,dispute_topic19
"I am absolutely furious and incredulous. I recently checked my gift card balance and found that it had vanished into thin air! I have meticulously kept the receipt and balances screenshot while using it across my purchases. This nullification of my balance feels very big ripoff and I want to know precisely why my credit and funds are gone with no warning! I've been paying attention to my balances and never seen a transaction comparable to the amount vanished! If you can't help me, I'll go public with this on all platforms for players.",1,ai_minimax,dispute,dispute_topic16
"I just discovered that I've been charged twice for a single meal at your restaurant. As a small business owner, my budget is tight, and this double charge is quite concerning. I need this resolved urgently as I'm already stressed with other financial obligations. Please look into this matter immediately and refund the incorrect charge. I've attached the receipts for your reference. Thank you for your prompt attention to this issue.",1,ai_mistralai,dispute,dispute_topic19
"Dear Merchant,

I am writing to express my extreme frustration. Today, I was charged twice for a single meal at your establishment. This is unacceptable and I demand an immediate refund of the duplicate charge. I expect this issue to be resolved promptly and have attached the transaction details for your convenience.

 Awaiting your swift response,

[Your Name]",1,ai_minimax,dispute,dispute_topic19
"I am absolutely furious. You charged me twice for a single meal at a restaurant. I've never had this issue before, but now I'm out an extra $30. This is unacceptable and I demand a refund immediately.",1,ai_mistralai,dispute,dispute_topic19
"I am writing to express my grave concerns about the recent charges on my phone bill. I have been billed for services I never activated or authorized. This is completely unacceptable. The costs are very high, and I have never had this problem. Please assist in resolving this issue immediately.",1,ai_minimax,dispute,dispute_topic20
"Dear Sir/Madam,

I am writing to urgently dispute charges on my recent phone bill. I have been billed for services I never activated, including premium subscriptions. This is unacceptable, and I demand an immediate investigation. Please rectify this error and refund the unauthorized charges within the next 48 hours.

Sincerely,
[Your Name]",1,ai_mistralai,dispute,dispute_topic20
"I urgently need to dispute a charge on my account for a phone bill that I did not authorize. Despite my account telling me I am not the customer, my name is tracked as someone who supposedly activated a service. The date of purchase is as recent as 2022, but I was not a customer at all. This erroneous charge is causing significant financial stress, particularly as I have little money left in my account. Please investigate as soon as possible.",1,ai_mistralai,dispute,dispute_topic20
I recently received a phone bill from (Phone Company) with charges for services I never activated. The charges amount to ($X). I request an immediate investigation and a reversal of these unauthorized charges. I have not received their email verification or consent to increase my data allowance. I am happy to provide any additional information needed to resolve this issue.,1,ai_minimax,dispute,dispute_topic20
"Dear [Payment Provider],

I recently discovered an unauthorized charge of $X.XX for an insurance premium on [Payment Date]. I canceled the policy on [Cancellation Date] and was assured by them that no further charges would be processed. Please issue a refund for this amount and provide a confirmation once it's complete. This resolve without any further deductions.

Thank you for your prompt attention to this matter.",1,ai_mistralai,dispute,dispute_topic21
"I urgently dispute a $120 insurance premium charge on 10/1/2023, made to my account [REDACTED] The policy had been cancelled in writing on 9/30/23. I’m sure I will not lose these funds due to error, and insist immediate refund. Please contact my full payments audit.",1,ai_minimax,dispute,dispute_topic21
I'm incredibly frustrated! I just received a phone bill for services I never activated. This is a scam or error and I want a refund. I demand an investigation and correction - I haven’t had this service — someone is taking advantage.,1,ai_minimax,dispute,dispute_topic20
"Subject: Dispute of Insurance Premium Charge After Policy Cancellation

Dear Support Team,

I hope this message finds you well. I recently cancelled my Policy Number #123456 effective February 1, 2024. However, I noticed a charge for premiums for the period after the cancellation date. Please review and refund the incorrect charge. I have attached a copy of the cancellation confirmation for your reference. Thank you for your prompt attention to this matter. Best regards.",1,ai_mistralai,dispute,dispute_topic21
"I'm absolutely livid about this unjust insurance premium charge. I clearly canceled my policy months ago, and yet this unexpected charge has appeared on my bank statement after what should have been a routine cancellation. This is not only frustrating but also very inconvenient. I demand a full refund and an explanation for this error.",1,ai_mistralai,dispute,dispute_topic21
"Dear [Car Rental Company],

I am writing to dispute the charge of [amount] for damages on my recent rental car [ rental ID ]. I returned the car in the same condition as when I received it, with no noticeable damage. I kindly request an investigation and reversal of this unjustified charge.

Sincerely, [Your Name]",1,ai_minimax,dispute,dispute_topic22
"I am absolutely furious about this charge. After I cancelled my insurance policy on [date], I was assured no further payments would be taken from my bank account. Yet here we are, with yet another unauthorized premium withdrawn, draining money I desperately need for living expenses. This is the second time I've had to chase this company, and now I am forced to involve my bank. I have been a loyal customer for years, and this kind of treatment is disgraceful and unacceptable. I demand an immediate reversal of this premium and written confirmation that no future charges will occur. If this is not resolved promptly, I will escalate the matter to the financial ombudsman and regulatory authorities. Enough is enough.",1,ai_minimax,dispute,dispute_topic21
"I am writing to dispute a charge of $500.00 from Happy Rentals on 01/01/2024. This charge is for alleged damage to a rental car, but I neither caused nor was informed of the damage as indicated. I drove carefully and returned the car in good condition and nothing to show it was not. I have photos of the car when I returned it to support this. There were no issues prior to the billing. Thank you for your assistance in resolving this matter.",1,ai_mistralai,dispute,dispute_topic22
"I received my rental car bill and I am furious. I was charged for damages I did not cause. The car was inspected when I rented it, it was in perfect condition, as documented. I have never been more frustrated or wronged.",1,ai_mistralai,dispute,dispute_topic22
"I am absolutely furious and frustrated. I was billed for damages on a rental car I returned in perfect condition. I have evidence, including photos taken before and after the rental period. The car was not damaged.  This is a false charge and must be removed.",1,ai_minimax,dispute,dispute_topic22
"Dear [Payments Company],

I am writing to express my dissatisfaction with a recent charge to my account. On [Date], I used your platform to pay for a delivery service. The transaction amount was [Amount], but an additional [Tip Amount] was charged to my account, which I did not authorize.

I have verified that I did not specify a tip on the order, and thus this additional charge is unjustified. I kindly request that you expedite the refund of the unauthorized tip amount and ensure your company correctly handles these charges in the future. Please ensure the necessary adjustments and any policy updates are shared with the delivery service vendor.

I appreciate your attention to this matter and look forward to a swift resolution. Thank you for your assistance.",1,ai_mistralai,dispute,dispute_topic23
"Dear Support, I am writing to dispute a charge for damage on a returned rental car. I am a parent to two children and work full time and the vehicle is marked as returned in pristine condition. I have provided inspection photos and documentation. Requesting a review and a refund.",1,ai_minimax,dispute,dispute_topic22
"I urgently need assistance! I was just charged an unauthorized $5 tip by your delivery service. This is for an order placed for school supplies delivered to my address this morning. I have absolutely no record or recollection of authorizing this tip. Due to budgeting and ordering for multiple students, this unauthorized additional charge is problematic. I need a full refund deducted and an immediate resolution. Can you please confirm receipt of this message and the actions you will take to resolve. I'd like an ETA for refund. Thank you.",1,ai_mistralai,dispute,dispute_topic23
"Subject: Formal Complaint Regarding Unauthorized Tip Charge

To Whom It May Concern,

I am writing to formally complain about an unauthorized tip charge of $X applied to my account by [Delivery Service] on [date]. I never authorized this charge, nor was I ever prompted to add a tip during checkout. This is unacceptable. As a college student, every dollar matters, and being billed for something I explicitly did not agree to is infuriating and dishonest.

I demand an immediate full refund and a thorough explanation of how this charge was processed without my consent. Failure to address this issue will force",1,ai_minimax,dispute,dispute_topic23
"I'm furious! A delivery service charged a $10 tip I never authorized. I operate a small business for crying out loud, I can't afford phantom expenses! How dare they add this without my consent.",1,ai_mistralai,dispute,dispute_topic23
"Dear [Payments Company] Customer Service,

I am writing to express my dissatisfaction with a recent charge from [Delivery Service] that was processed through your platform. As a busy parent juggling multiple priorities, I rely on the convenience of these services, however I notice unauthorized charges. Specifically, a mandatory ""tip"" that was automatically added to my order without my consent.  I understand the value of tipping for good service, but I did not authorize an additional service fee. It is important for me to know that  I fully control my spending. I kindly request a refund for the unauthorized tip and ask you to work on your policy to ensure this does not happen again. Your prompt attention to this matter would be greatly appreciated.

Sincerely,
[Your Name]",1,ai_minimax,dispute,dispute_topic23
"Subject: Urgent: Dispute of Annual Fee on Closed Credit Card Account

Dear Support Team,

I am writing to urgently request a dispute on an unauthorized annual fee charged to my credit card account. I closed the account [insert account number, name + last 4, or any other identifier you can provide] on [insert date you closed the account], and was unable to find my closed account online.  I've tried calling the main number, but I cannot find a solution on my own.  I am unable to afford this charge, as this account is closed.

Please, call me ASAP at [insert phone number] so we can resolve this matter urgently.  Thank you for your immediate attention to this issue.",1,ai_mistralai,dispute,dispute_topic24
"Dear [Bank Representative's Name], I am writing to dispute a $95 annual fee on my [Card Name], which I closed in February. I have never had this card as part of my own wish, the last time it was used was October 2022, according to my records. Please reverse this charge. Thank you for your prompt attention to this matter.",1,ai_minimax,dispute,dispute_topic24
I recently received a bill for an annual fee on a credit card I closed last year. I'm a college student and I can't afford this unexpected charge.,1,ai_mistralai,dispute,dispute_topic24
"I recently received a notification that I owe an annual fee on my credit card. I noticed this card was terminated last year. While I respect the company's policies, I feel responsible for the fee is incorrect. I kindly request a review.",1,ai_minimax,dispute,dispute_topic24
"I am urgently disputing a $95 annual fee charged to my account on a card I closed on 07-14-23. The card was canceled due to the same issue within 7 days, and I cannot afford this unexpected charge. The fee should be reversed immediately due to error. I have not received any clarification about this fee.",1,ai_minimax,dispute,dispute_topic24
"I'm a small business owner, and I've received a utility bill with someone else's charges on it. This is urgent—I can't afford these extra costs and am stressed about how to resolve it.",1,ai_mistralai,dispute,dispute_topic25
"Dear [Company],

I've just received my utility bill and it includes charges from an entirely different household. This is a mistake. I'm a busy parent and this can't wait. Please resolve this immediately.",1,ai_minimax,dispute,dispute_topic25
"I've been a loyal customer for years, but this month's utility bill is a shock. Someone else's charges are mixed in with mine. I’m frustrated and baffled—this isn't the first time, and it's got to stop. Today, I’m calling to straighten this out once and for all.",1,ai_mistralai,dispute,dispute_topic25
"Subject: Dispute of Flagged Bank Transfer and Fees Charged

Dear Support Team,

I am writing to dispute a recent bank transfer that was flagged for fraud and subsequently charged with fees. The transaction ID is [Insert ID]. I believe this was an error, as I initiated the transfer. Could you please review and wave the fees?

Thank you for your prompt attention to this matter.

Best regards, [Your Name]",1,ai_mistralai,dispute,dispute_topic26
"Dear Bank,

I urgently need your help. A recent bank transfer was flagged as suspicious, causing a delay of 5 days. During this time 5 individual fees were applied to my account, totaling $120. Please issue a refund and clear my name immediately. I need an explanation also.

Best,
[Your Name]",1,ai_minimax,dispute,dispute_topic26
"I'm a gamer who recently encountered an issue. After purchasing a gaming subscription via a bank transfer, my payment was flagged. Despite the delay, the bank still deducted fees. I contacted customer service politely but firmly to request a refund of these fees.",1,ai_mistralai,dispute,dispute_topic26
"I urgently need this dispute resolved. I am a salaried office worker with a single income, and on the date in question I attempted a routine bank transfer that was flagged for review. Despite the flag, the bank processed the transaction late and charged me unnecessary penalty and overdraft fees, pushing my account into a negative balance. I immediately contacted the bank to resolve the issue, but I am still being held responsible for charges I did not authorize. I am stressed, struggling to cover basic bills, and respectfully request a full fee reversal and correction of my account.",1,ai_minimax,dispute,dispute_topic26
"I urgently need your help! I purchased an item on March 15th from a seller on your marketplace. The order confirms the payment of $345.36 has been debited from my account. But the goods never arrived. When I contacted the seller, they didn't respond to any of my messages.  In desperation I checked their profile, they vanished from the marketplace platform altogether. I’ve been patient but it’s been 30 days and there’s no sign of my purchase or  a refund. Please assist me and investigate immediately. Thank you.",1,ai_mistralai,dispute,dispute_topic27
"I am writing to dispute a charge of  $XX.XX on my account XXXXXXXXXXXX. I made a transfer to account XXXXXXXXXXXX during the date range of the transaction fees charged on XX/XX/XXXX.  I was informed that the transaction was flagged as fraudulent and the funds were returned to my account and my business partner emailed a picture of the receipt showing an error in the routing number or account number and that the transfer failed. After speaking with a bank representative I was informed that this transaction was charged a fee of $XX.XX. I am disputing this charge as it was cancelled in a timely manner As a long standing customer, I kindly request a reversal of this fee.",1,ai_minimax,dispute,dispute_topic26
"I am absolutely furious and incredibly frustrated. I purchased a gaming item for $150 from a seller on the marketplace. The order was paid and confirmed, but the item never shipped with the promised 3-day delivery, no tracking info was ever provided, and now the seller has vanished. I have tried reaching out but there's no response. This is a clear scam. Please assist in getting my money back immediately, I am done being ignored and taken advantage of.",1,ai_minimax,dispute,dispute_topic27
"I'm a busy parent of two, so I rarely have time for online shopping. When I did, I purchased an item from a marketplace seller, but it never shipped. The seller has vanished, and my attempts to contact them have been fruitless, I have filed a dispute but am yet to hear from the platform. This has been stressful, but I am firm and polite in my communications, hoping this issue can be resolved promptly.",1,ai_mistralai,dispute,dispute_topic27
"""I was charged immediately upon free trial start.  Please reverse unauthorized $35.99  10/01/23 charge to CompanyXYZ, Inc.""",1,ai_mistralai,dispute,dispute_topic28
"I thought I was getting a free trial, but today I opened my bank app and saw a charge from this company. I immediately felt my frustration rise and hastily checked the terms of the subscription. To my dismay, the fine print on the free trial page specified automatic renewal. I missed that detail in my excitement, and now I’m out  $19 and wanted to know my options. The customer support line made me wait for 18 minutes, and they were unable to overturn the charge. I feel tricked and frustrated.",1,ai_minimax,dispute,dispute_topic28
"Subject: Urgent: Unauthorized Charges on My Card

I am writing to dispute an unexpected charge for a subscription service. I enrolled in a free trial but was not notified or have agreed to be charged after the trial period.  I'm being billed  $49.99 monthly. This needs to be resolved immediately as it is causing me distress.",1,ai_mistralai,dispute,dispute_topic28
"Dear [Company Name],

I am writing to express my extreme dissatisfaction with your recent billing practices. I signed up for a free trial of your subscription service, and was explicitly assured that no charges would be made during the trial period. However, I have just noticed an unexpected charge on my statement. This is unacceptable and I demand an immediate refund. If this is not resolved promptly, I will be forced to take further action.

Sincerely,
[Your Name]",1,ai_minimax,dispute,dispute_topic28
"I left a package at my doorstep to quickly help with some moving notifications, I returned quickly and noticed a nurse helping another individual in the hallway but my eyes were immediately drawn to my doorstep where my package should have been, it was missing, stolen. It was a big purchase and when I looked at the transaction online the seller refused to refund me despite the fact that I'd be buying a new one because the one they refused to send was stolen. It is frustrating and I feel that the seller is being inexcusable and unfair.",1,ai_mistralai,dispute,dispute_topic29
"I was charged $49.99 by ""TechLabs Inc"" for a ""free trial.""  I canceled the website subscription. Charge and merchant name do not match any of my transactions. False advertising.",1,ai_minimax,dispute,dispute_topic28
"My package was stolen from my doorstep,proof of delivery with  a teacher, seller refuses to refund, teacher needs  the books urgently, it's stressful",1,ai_mistralai,dispute,dispute_topic29
"Dear Sir/Madam, I recently received a package from a seller via your system that was later stolen from my doorstep. The seller refuses to refund. The tracking information clearly shows delivery, but I have now lost the item. Please advise on next steps. Best, Nurse Jane",1,ai_minimax,dispute,dispute_topic29
"I am writing to urgently address the theft of a package from my doorstep. The seller refuses a refund, citing policy, but is not assisting to trace the delivery. Payments were processed by your company. I need immediate resolution and refund.",1,ai_mistralai,dispute,dispute_topic29
I demand an urgent investigation of a fraudulent charge of 200 EUR from an unknown merchant in Paris. I have never travelled or shopped there. Please reverse the charge immediately as I am at my financial limits. TKS,1,ai_minimax,dispute,dispute_topic30
"Dear [Bank Name],

I am writing to dispute a charge of [currency amount] in [foreign currency] on my statement from [date]. I have never made this purchase! I clearly see this fraudulent transaction and find it incredibly frustrating, as I have always been met with high expectations for honesty and ethical behavior, accusation of theft on my honorable conduct as a nurse fills me with angry. This is a clear case of fraud, so conduct an immediate investigation and reverse the charge.

I expect a prompt resolution to this matter. I will be in touch to confirm that this has been taken care of and prevent further incident.

Sincerely,
[Your Name], RN",1,ai_mistralai,dispute,dispute_topic30
"Dear Customer Service,

I am writing to dispute a recent transaction of [CHARGED AMOUNT]. I have not made this purchase, nor do I have a record, while my account details are also not known to these merchants based in [FOREIGN COUNTRY]. I kindly request a prompt investigation and refund. Thank you for your assistance in this matter.",1,ai_minimax,dispute,dispute_topic30
"I’m absolutely furious and frustrated. I’ve just discovered a fraudulent charge on my credit card, 400 Euros, from a company I’ve never heard of. I did not authorize this transaction, and I demand a full refund. There’s no possible way I could have made this purchase, I’m a busy parent and have no time or opportunity to be spending money overseas on streetwear. My children have been diagnosed with a virus and have been home sick, with me working from home to spend time with. How precious time from my sick children. Can someone please look into this urgently and resolve it?",1,ai_mistralai,dispute,dispute_topic30
"After moving cities, I received a bill for my old gym membership. I had assumed I’d canceled it, but clearly I hadn't. The charges seemed arbitrary, and the customer service was utterly unhelpful. Frustrated and angry, I'realized the company was taking advantage of my oversight. Years of paid memberships for a gym I hadn’t visited in months. I wasn't going to pay this fraud.",1,ai_mistralai,dispute,dispute_topic31
"After graduating, I moved cities, but my gym membership was still being charged. I contacted them, only to be told to pay another $300 to break the contract. I don't plan on returning to the gym and now have to pay fees for leaving, I feel upset and trapped.",1,ai_mistralai,dispute,dispute_topic31
"I recently moved to a new city for a job transfer and immediately canceled my gym membership, or so I thought. I just noticed a charge on my statement for this month, and I'm freaking out. As a gamer, I barely even step foot in a gym, so this is pure wasted money. I need this fraudulent charge refunded ASAP—my bills are already piling up from the move. Please help me dispute this transaction immediately.",1,ai_minimax,dispute,dispute_topic31
"Dear Sir/Madam,

I am writing to formally request the cancellation of my gym membership subscription. I have recently moved to a new city and will no longer be able to use the gym. The termination should be effective from the 1st of the current month. Please confirm receipt of this request and the cancellation of the membership.",1,ai_mistralai,dispute,dispute_topic31
"I've been bombarded with a gym membership fee for a gym located in another city, after I clearly moved. I called them immediately, I had asked in my prior stay for a solution on how to handle the situation and no one provided any guidance on time. It's been two months since I moved and just now when I genuinely stopped paying the bills, they're in panic mode.  Can this situation be resolved without penalizing me? I offered to pay for about a half-year on January for my premium (not amateur) membership after graduating but the only option I received was freezing the account which would not help me for my situation",1,ai_minimax,dispute,dispute_topic31
"Subject: Dispute Double ATM Withdrawal Transaction

Dear Support Team, I am writing to dispute two identical ATM withdrawals of $[specify amount here]. I only made one withdrawal on [date]. Could you please investigate and resolve this issue? Thank you.",1,ai_minimax,dispute,dispute_topic32
"Dear Bank,

Yesterday, on [Transaction Date], two identical withdrawals of [Amount] each were deducted from my account [Account Number] at [ATM Location]. I only made one withdrawal, and these transactions were not authorized. I request an investigation and refund. I pray to your sense of fairness;

Please find the attached receipts for proof. I am willing to cooperate for further proof if necessary.

Thank you.

Awaiting your positive response.

[Name],  [Contact Details],",1,ai_mistralai,dispute,dispute_topic32
"Dear Support,

I'm stressed and urgently need your help. I just checked my bank account and saw two separate ATM withdrawals of $500 each, totaling $1000, but I only withdrew once! Please investigate this double charge immediately.

Thank you.",1,ai_mistralai,dispute,dispute_topic32
"I am writing to dispute two identical ATM withdrawals of $200 each from my account on 10/05/2023. I only made one withdrawal of $200, and it appears an error occurred as the second withdrawal of $200 has been deducted from my account on the same date. I kindly request a refund of the $200.",1,ai_minimax,dispute,dispute_topic32
"Subject: Dispute for Unusual Charges - Streaming Subscription

Dear Support Team, I hope this message finds you well. I am writing to dispute three identical charges from this month on my account for my streaming service subscription. I have only ever paid for one monthly subscription. Could you please look into this matter? Thank you.",1,ai_mistralai,dispute,dispute_topic33
"I am writing to dispute a double ATM withdrawal that occurred on [Date]. I withdrew $500 once from ATM # [location & ATM] and the amount of money worked seem to withdraw again on the same day at the same ATM or one near by. I have reviewed my account statements and the transactions are listed as follows:

On [Date] at [Time], $500 withdrawal, and again on [Date] at [Time], $500 withdrawal. I did not make the second withdrawal. I have encluded my ATM card receipt. Please investigate this matter and correct the error. Thank you for your prompt attention to this matter.",1,ai_minimax,dispute,dispute_topic32
"I am writing to dispute three charges from [Streaming Service] in the amount of [$X X/X]. I have reviewed my account and see three charges on the same day for 1 month service. I believe this is an error, as I only subscribed once. I would like to request a credit for the overage.",1,ai_mistralai,dispute,dispute_topic33
"Dear [Streaming Service],

I am outraged! I received three separate charges this month, totaling $150, from your service. I only use one subscription! This is clearly a mistake, but it's costing me a fortune. Fix this immediately and refund the extra charges, or I'm canceling my subscription. I am a student and can't afford such a wasteful error.",1,ai_minimax,dispute,dispute_topic33
"Dear [Payments Company], I am writing to formally complain about multiple unauthorized charges from a streaming service. Over the past month, my account has been charged three times, resulting in unexpected fees. I kindly request a thorough investigation and a prompt resolution on this matter. Thank you.",1,ai_minimax,dispute,dispute_topic33
"Subject: Dispute: Paid for Order #352245, Received No Product

Dear [Payment Provider],

I was charged $73.06 for order #352245 on May 6th, but the seller subsequently canceled the order due to unavailability. I have yet to receive a refund.",1,ai_mistralai,dispute,dispute_topic34
"I am writing to dispute a recent charge of $50.00 from [seller's name] on [date of transaction]. The order was canceled by the seller for unrelated issues, but I was still charged. I have attempted to resolve this with the seller but have not received a refund. I kindly request your assistance in reversing this charge.",1,ai_minimax,dispute,dispute_topic34
"Dear [Seller], I am writing to inform you that I have been billed for an online order (Order ID: [12345]) that was cancelled by you.  I had placed the order on [date] and has since received the cancellation notice, but I was still charged for it. I have tried to resolve this issue through several channels but as of yet no action has been taken. I am someone who respects your business but find it odd to be paying for something I can't receive. I kindly request a prompt refund. I appreciate your understanding and immediate attention to this matter. I look forward to your positive response.",1,ai_minimax,dispute,dispute_topic34
"I'm absolutely frantic here. I ordered items from an online seller on the 5th and they were Supposed to arrive today, but the order got cancelled. I got an email saying it was due to stock issues, but I should get a refund within 3-5 days. However, I've just checked my account and I've been charged for the products I won’t be receiving. I don’t have the time or the patience to deal with this; I’m a busy parent of two, and this is just adding to my stress. Please help me with this urgent matter and process the refund immediately. If I don’t hear back from you soon, I'll have to escalate this to your higher authorities and customer service.",1,ai_mistralai,dispute,dispute_topic34
"I am absolutely outraged by the surge pricing charge on my recent taxi ride on [Date]. I do not tolerate being charged an extra rate and am overwhelmingly disappointed by the driver not accepting cash at the end of the journey. It was not clear until I received the final charge that I had no option but to pay a higher amount, thus having to use my card for an extortionately higher rate. Under no circumstances should the company be allowed to extort passive customers who have no choice but to accept the very transparent and unethical business practice consisting of charging 1.2x the rate of tax rides within the same city at the exact same time - with such a low threshold.",1,ai_mistralai,dispute,dispute_topic35
"Dear [Bank],

I'm writing to dispute a charge of [Amount] for a taxi ride on [Date]. This trip was charged at a surge rate that I never accepted. I contacted the taxi company and confirmed that the surge pricing was applied without my consent. The phone call was confirmed on the receipt.

I kindly request that you investigate this transaction and reverse the charges that were not agreed upon.  I trust that this matter will be resolved promptly and in my favor.
Thank you for your attention to this matter.",1,ai_mistralai,dispute,dispute_topic35
"Subject: Urgent Complaint Regarding Unauthorized Surge Pricing Charge

To Whom It May Concern,

I am writing to formally protest an unjust surge pricing charge applied to a recent taxi ride that I never explicitly accepted or agreed to. As a busy parent of two, I have neither the time nor the patience to dispute erroneous fees, yet here I am. This kind of deceptive billing is unacceptable. I demand an immediate refund and written confirmation that this practice will not recur. Resolve this matter promptly or I will escalate accordingly.

Sincerely,
A Frustrated Parent",1,ai_minimax,dispute,dispute_topic35
"I urgently need assistance with a fraudulent taxi charge on my account. The fare of $52.20 is incorrect due to surge pricing I did not accept the ride, and therefore the service was never provided immediately rectify this.",1,ai_minimax,dispute,dispute_topic35
"Subject: Dispute on Recent Taxi Ride Charge

Dear Support Team,

I recently noticed a charge on my account for a taxi ride that was taken on {date}, which incurred a 219% surge pricing fee. I never accepted or agreed to this rate. Can you please review and correct this charge? I have provided the trip details below for your reference.

Thank you for your assistance.",1,ai_mistralai,dispute,dispute_topic35
"Dear [Landlord's Name],

I am writing urgently regarding the security deposit from my previous residence at [Address]. I moved out on [Date], and despite your initial agreement to return the deposit within 30 days, I have not yet received it. As a single parent of two, this delay puts immense financial strain on me. I have adhered to all lease agreements, and I request that you return the full amount immediately or provide a clear explanation of any deductions. Please treat this matter with urgency as I have been following up for over 2 months.",1,ai_mistralai,dispute,dispute_topic36
"Dear [Landlord's Name],

I hope this message finds you well. I am writing to inquire about the return of my $500 rent deposit. Per our final inspection findings, I was supposed to receive this amount 30 days after I moved out. However, I am yet to receive it. Please advise on the status and confirm the expected date. Thank you for your help.",1,ai_minimax,dispute,dispute_topic36
"**Subject: URGENT: Missing Security Deposit of [Amount] for [Address] - Case # [Case Number]**

Dear Support Team, I urgently need assistance. My security deposit of [Amount] for [Address] was not returned after moving out on[Date] as per lease agreement. This is causing significant financial hardship. Please help retrieve the funds promptly. Thank you.",1,ai_mistralai,dispute,dispute_topic36
"Dear [Landlord's Name],

I am writing to express my extreme frustration and anger regarding the non-return of my rent deposit. After moving out, I expected my $1,200 deposit to be returned within the stipulated 30 days, as per our lease agreement. It has been over 60 days, and I still haven’t received it.

The property was left in excellent condition, with all necessary repairs completed at my expense. I have the before and after photos.

If I don’t receive my deposit within the next 7 days, I will be forced to take legal action. This is unacceptable, and I expect immediate resolution.",1,ai_minimax,dispute,dispute_topic36
"Subject: Outstanding Rent Deposit Refund - [Student's Full Name]

Dear Housing Office,

I am writing to follow up on the refund of my rent deposit for the academic year 2023, which I have yet to receive. My lease agreement ended on [Insert End Date]. I have checked the relevant documentation and ensured I left my on-campus apartment in good condition. Could anyone please confirm the status of the deposit and provide the date to expect the refund update. Thank you!

[Student's Full Name]
[College ID or Student ID or Identification number]

[Expected Date of Refund]",1,ai_minimax,dispute,dispute_topic36
"I'm absolutely furious right now. I purchased the ""Mastery Course"" last week, but I still haven't received access. I've followed all the instructions, checked my spam folder, and even tried contacting support through the website.Every time I comes up with old message stating ""you will have access within 24 hours"". I NEVER expected this level of incompetence from a company the size of yours. I demand a full refund and immediate access to the course I've already paid for. I want a solution to this NOW!",1,ai_mistralai,dispute,dispute_topic37
"Dear [Payments Company] Team,

I am writing to express my disappointment with a recent purchase. I bought a course from your platform on [Date] but still have not received access. I have two young children at home, and I finally managed to find some time to focus on this course, which means I am very disappointed that I have not been able to access to it from  [Date].

I need refund asap, as I need to plan my day to day schedule for my children around the course. Moreover, I could have spent this time completing the course and furthering my career rather than waiting for the service to be provided.",1,ai_mistralai,dispute,dispute_topic37
I urgently need to dispute a charge from [Company Name] dated [Date of Transaction] for a course I purchased but never received access to. I have repeatedly tried to resolve this with the company but to no avail. This is an unauthorized charge.,1,ai_minimax,dispute,dispute_topic37
"I urgently need your help! I purchased an online course on Tuesday for $153.50. After payment, I have received nothing and cannot access it. There's no access code in my account or my inbox. I need to complete this course soon. I've tried to log in and contact support. It's been 5 days, I'm stressed and feel tricked for paying for the promise that nothing was delivered.",1,ai_mistralai,dispute,dispute_topic37
"I purchased a highly-rated gaming course last week, eager to improve my skills. The course description was promising, so I completed the payment and received a confirmation email. I was excited to dive in, but when I tried to access the course, it was nowhere to be found. I waited a few days, thinking it might just be a glitch, but nothing changed. I reached out to customer support, but their responses were vague and non-committal. I'm frustrated and angry. I spent money on something I haven’t received. This company’s lack of integrity and responsiveness is unacceptable. I just want access to the course I paid for.",1,ai_minimax,dispute,dispute_topic37
"It was appalling, my privacy and finances were violated. I noticed unauthorized purchases on my account made through an in-app purchase. I immediately reported it to the customer service. I was surprised that fraudulent purchases were easily overlooked by the company's verification system. I want these payments returned and my account secured. I was polite but firm in my demand. The situation should never have happened.",1,ai_mistralai,dispute,dispute_topic38
"To Whom It May Concern:

I am writing to formally dispute a charge of $[amount] on [date] for an in-app purchase on my business account. I did not authorize this transaction, nor did anyone with access to my account. I request an immediate investigation and reversal of this charge. I have already contacted the app provider and secured my account. Please provide written confirmation of the dispute outcome. Thank you for your prompt attention.",1,ai_minimax,dispute,dispute_topic38
I am disputing a fraudulent charge of $49.99 for an in-app purchase I did not make. Please cancel the transaction and investigate this matter urgently.,1,ai_mistralai,dispute,dispute_topic38
"Hello, I urgently need your help! A fraudulent in-app purchase of $299.99 was made on my account today. I did not authorize this and have not used the app, but my account was charged. This is causing a significant financial impact on my business. Please investigate and refund the amount immediately. Thank you.",1,ai_minimax,dispute,dispute_topic38
"Dear [Payment Provider],

I am writing to dispute a charge of [amount] on [transaction date] from [merchant]. I did not authorize this transaction. As you know, I am a teacher and this does not fit within my usual budget. I did use this card for a purchase at [merchant] and it seems to have been linked without my consent when I was initially charged for my purchase. The ongoing charges have caused inconvenience and unexpected expenses and I am trying to balance my budget. I request an immediate refund.",1,ai_mistralai,dispute,dispute_topic39
"I'm a gamer, and I trusted this checkout to process a one-time payment for my game purchase. Instead, it saved my card info and later charged me again without my permission. This unauthorized charge violated my consent and is absolutely unacceptable. I demand a full refund immediately and removal of my payment info from your system.",1,ai_minimax,dispute,dispute_topic39
"Dear [Payments Company],

I am writing to express my concern regarding a recent transaction that occurred under your payment handling. I utilize a service that allows paying a monthly subscription i was charged without my knowledge. When checking out, I was presented with a “one time payment” option for a single purchase using my card. Shortly afterwards i was charged again without my permission.The additional charge occurred without my consent. I've checked my transaction records and there was no indication or validation check at the time of the transaction for this  additional charge. I am disappointed by this checkout process experience and I kindly request a refund.

Thank you for your urgent attention to this matter. I look forward to a prompt resolution.

Sincerely,

[Your Name]",1,ai_mistralai,dispute,dispute_topic39
"I urgently need your help! I’m currently on a 12-hour shift and just noticed a fraudulent in-app purchase on my account. The transaction for $50.00 was made at 3:25 PM today, and I did not authorize it. I’m on a rotation of night shifts, so I was at work and couldn’t possibly have done this. I need this resolved immediately — it’s affecting critical financial management, please cancel the transaction and secure my account. Your prompt assistance is crucial.",1,ai_minimax,dispute,dispute_topic38
"On October 1, I was checked out at a store and the cashier told me they would not be saving my card. They manually entered the card detail into the system and returned my card to me, stating that nothing happened and my card had not been charged. I am furious that you have charged me $450.00, and I accidentally left the card in the system. I am extremely upset and frustrated that you have kept the money. None of the items are mine and I was not expecting this charge. The cashier did not have my permission to charge my card. I am in incredible distress because I did everything I was supposed to do, and I already went through several steps to cancel and remove the card. Please refund my money as soon as possible.",1,ai_mistralai,dispute,dispute_topic39
This hat was very thin. Not what i was expecting to receive. Not sure I would order again.,0,human_amazon_reviews,review,en_0465070
"Wrinkles entirely too easy. I'm not super picky but when they wrinkle this easy,it drive me nuts.",0,human_amazon_reviews,review,en_0998701
"I've been looking for something like this for awhile now. I have lots of beads and my earrings are looking a bit worn, so I'm super please to find another set that will let me wear my beads.",0,human_amazon_reviews,review,en_0084278
Ambient light sensor is faulty so not able to get auto-brightness to work on my iPhone 7 Plus. Otherwise everything else works.,0,human_amazon_reviews,review,en_0054432
"All the books in this series are good, but some are a little worse and some are a little better. This one is on the top of the pile. My one gripe about the series after all these books is that McGill just never seems to learn or grow in any way when it comes to the ladies. You'd think after 30 years of being in the legions and doing these things, he would realize he should at the very least call the girl sometime. lol",0,human_amazon_reviews,review,en_0920043
It’s bigger and supposedly more powerful than the smaller old one it replaced but it doesn’t actually cool my house as well. A bit disappointed.,0,human_amazon_reviews,review,en_0989453
"Depends what you're looking for. The quality is decent and they work good. They stay put and secure. My issue was that they looked incredibly fake and unnatural, not at all what I was expecting. The picture looked more natural and not so much like costume dress up.",0,human_amazon_reviews,review,en_0474832
"Read the reviews, thinking “cool this is for me”. I was wrong, I prefer waterproof duo eyelash glue instead. It’s sticky, however it doesn’t stick all day. I attempted with cluster individuals and strip lashes, they’ve only lasted a few hours. The plus side is the applicator, that’s all.",0,human_amazon_reviews,review,en_0273712
I love glass water bottles and this is one of the best. The protective sleeve protects it well.,0,human_amazon_reviews,review,en_0995062
I bought two of these for gifts. They were shipped separately. One came packaged as a box within a box surrounded by styrofoam- this one arrived perfect. The second arrived as a box within a simple padded envelope- the glass was broken to pieces - very disappointing. These were gifts and I did not have time to return. It’s a shame because the product itself seems to be a good quality,0,human_amazon_reviews,review,en_0254349
Loving this telescope so far! Great price and nice and cool accessories that come with it.,0,human_amazon_reviews,review,en_0265966
"I got this for the wooden handle, but it feels like it's balsa wood & going to give you splinters. I ended up wrapping the whole handle in electrical tape. Just get another one, this one is trash.",0,human_amazon_reviews,review,en_0541089
"Worked great, until it didn't. It lasted five months, which works out to about a buck a week, so that's not bad but I'm going to just spring for the actual Apple product this next time, since my old Apple charger lasted over four years before it crapped out.",0,human_amazon_reviews,review,en_0367279
My main purpose for buying this product is to steam my vegetables because this is the most healthiest way to preserve all the nutrients where boiling or microwaving loses valuable nutrients. I really love the style and use of this product.,0,human_amazon_reviews,review,en_0736012
"Previous home car jack of many years just died and this jack had high ratings, good reviews, and lifts just as much( 3 tons) as the previous jack but at about half the weight and size. Love the SUV attachment for a few cars in the family.",0,human_amazon_reviews,review,en_0923300
"I only received one salt lamp instead of the two pack. They were supposed to both be here in time for Christmas, only one arrived. No information was given on when the second would be sent",0,human_amazon_reviews,review,en_0054111
In about 6 months one magnet came out on a connector half. not sure if glue failed or plastic cover fatigued.,0,human_amazon_reviews,review,en_0930403
The product arrived past its best before date. The biscuits were chewy instead of crisp. Edible but not fresh. Disappointed!,0,human_amazon_reviews,review,en_0350999
"Good portion and product, just a bit on the drying side. My skin is already dry so it would probably be fine for someone with younger/oilier skin.",0,human_amazon_reviews,review,en_0912451
"These combs are beautiful and are great quality. They not only help reduce static during the winter, but the feel so sleek against my scalp and hair. I love them.",0,human_amazon_reviews,review,en_0564092
"I originally bought this to use as a diaper bag but my daughter liked it so much she took it to use for her laptop. Her laptop fits perfectly and she love the insulated pouch to hold her water bottle, it’s very spacious for her books and she likes the material inside and out. I guess I’ll be purchasing again soon for a diaper bag.",0,human_amazon_reviews,review,en_0170331
"Great product, but the line sometimes seems to have melted/gotten sticky so one has to remove the spool, unwind a little, then play with it to get it through the feeder hole and not tangled under the spool. Still, can't be beat for value and ease of use.",0,human_amazon_reviews,review,en_0263927
I purchased this in May of 2016 to use for tapes that I have that mere mixed by some of the best club DJ's of the past. I have honestly used this cassette deck maybe 10x since I purchased it. I used it 2 days ago and today I went to use it again cause my cable was down and the cable co. was trying to fix the issue and the cassette deck wouldn't even turn on. I am VERY disappointed with this cassette player and I've never had a piece of electronic break down in only 2 years with very limited use. I would NOT recommend anyone to purchase this tape deck cause it just won't last. My last tape deck was by Technics and that lasted a little over 15 years with a lot of use.,0,human_amazon_reviews,review,en_0594460
The screen protectors aren’t the bright colors seen in the photo but they are good products. I would recommend them.,0,human_amazon_reviews,review,en_0713175
Very heavy and unable to be used in locations visited. Cannot testify to work-ability. Another person on the tour shared their step down converter which was much more versatile with multiple 110 outlets as well as USB and the needed adapters for the locations visited. Limited application and cumbersome.,0,human_amazon_reviews,review,en_0335680
Lens has yellow hue in center. Limited usefulness. Not good for all applications.,0,human_amazon_reviews,review,en_0124536
Definitely cream/off white and not actually white as stated. And also a lot thicker than picture shows. Almost like a different pair of tights altogether. But still good quality.,0,human_amazon_reviews,review,en_0102456
These last forever and my dog loves them! They don't splinter and I don't worry about her with them.,0,human_amazon_reviews,review,en_0059224
Please read the return policy before buying. The product came damaged and cannot return.,0,human_amazon_reviews,review,en_0858690
Awesome lights and very bright. Only negative thing is that the cap doesn’t fit behind.,0,human_amazon_reviews,review,en_0686452
This arrived in a pool of itself. The packaging was terrible the product was all over the inside of the box. I'll never buy from them again.,0,human_amazon_reviews,review,en_0664198
"The music is entertaining and my toddler loves to play with it, however the mic stopped working within 2 days of her playing with it. If you get it for the mic and karaoke then I wouldn’t recommend. If you get it just for the music then it can be a winner. FYI we got it mainly for the mic which is why I am disappointed in the product.",0,human_amazon_reviews,review,en_0067570
I fell in love with this as soon as I saw it and couldn't wait for it to arrive. Unfortunately it was not only not handled well by the carrier it was packaged poorly. It arrived with multiple sites of damage. Much more than I am able to overlook. I have requested a return and am waiting now to see just how good their customer service really is. Fingers crossed because like I said I really love the piece but something has to be done to improve the packaging!!,0,human_amazon_reviews,review,en_0087570
Received my glasses and I ordered Tortoise frames with yellow lenses but I received blue lenses. I like the style and fit of the glasses. I just wish I received the correct pair. I would give a higher review if I did.,0,human_amazon_reviews,review,en_0456078
Glad that I ordered this..exactly as described! I can’t wait to try many new recipes with it!,0,human_amazon_reviews,review,en_0424953
"So not waste your money. These earrings don’t look anything like they do on the model because they don’t “hug” your ear on the bottom. Also, they slide out of your hole so you have to be careful and periodically check them.",0,human_amazon_reviews,review,en_0379941
Case very durable. Is heavier than your average case but for good reason. However... Screws strip pretty easily. Stripped mine first time putting it on trying to close the case completely. There is a gap that suggest the screw in That Area need to be tightened. I'm almost sure I will have to break the case once I'm ready to remove it.,0,human_amazon_reviews,review,en_0958109
You can’t return this item and it’s garbage. Literally garbage. I ordered two of them and the second I opened it I new it was a mistake. Now I forced myself to use them but every time I look at them I resent the seller and hate myself,0,human_amazon_reviews,review,en_0264856
Bought this to prevent dings on my new Pur bottle and guess what? Dinged on the first drop on tile from 4 feet up,0,human_amazon_reviews,review,en_0166067
"Super soft material. I feel like it's a little expensive, but definitely happy with the quality of the product so far.",0,human_amazon_reviews,review,en_0078884
"After searching for active nursing tanks and reading the reviews of others using these for nursing, I bought these this summer and have been using them for my at home workouts or mommy Bootcamp classes along with nursing friendly sports bras. They’ve been working out really well so far and made nursing convenient! I sometimes wear it out with another nursing layer because it’s just that more convenient than removing a nursing strap from a tank.",0,human_amazon_reviews,review,en_0549617
I have bought better shower curtains at Ross for 1/3 of the cost. It’s practically sheer the material is so thin! You can even see the tile colors of our shower walls through the material. I am not happy with this purchase at all and will definitely be returning it!,0,human_amazon_reviews,review,en_0737287
For many years a ripped ear hole has made it a real problem for wearing pierced earrings because one always hangs lower than the other. Having surgery to repair the rip was never an option for me. I was looking online and I saw this and I can now wear earrings again because of these!,0,human_amazon_reviews,review,en_0146591
"I really love these shorts, although I went off the sizing chart and got a large because I wear a 8 in pants and the shorts are a little big. I’m 5’11 and 153lbs if that helps. They also do ride up, but that could be because they are a little big on me. I’ll definitely be buying more shorts but in a medium.",0,human_amazon_reviews,review,en_0772691
"I thoroughly loved The Things You Cannot Say so I was eagerly looking forward to this book but I was tremendously disappointed. I know the topic of addiction is a timely one and a serious one but I could not engage with any of the characters---even Sam. Annie made terrible choices and Lexi was,an enabler. It seemed that every page described another outburst of tears. The baby Daisy was the only one I felt sympathy for. It was,so depressing that I nearly put the book down but decided to finish it to see if there was,any redeeming value and there was. The last 15 pages were excellent.",0,human_amazon_reviews,review,en_0147327
I would recommend this stand to all of my Apple Watch using friends. Especially for the price. Inexpensive but not cheap looking. The base is absolutely stable and sturdy. Easy assembly. It’s just Perfect.,0,human_amazon_reviews,review,en_0980402
This is a horrible product .. the manufacturer has made a product to gouge and take advantage of he consumer ... I have ordered two within less than a month because they crack,0,human_amazon_reviews,review,en_0888166
"These ponies are VERY well packaged....to the point that I accidentally ripped out three of their tails (thankfully those went back in easily) AND I ripped off Pinky Pie's leg completely while attempting to get them out of the package. My husband was able to super glue the leg back on, and thankfully it was already a leg that wasn't supporting weight due to it being up off the ground already..but yeah. Either I acquired super human strength or these are so well packaged that Hulk strength is necessary. Use scissors.",0,human_amazon_reviews,review,en_0212241
Did not work as expected. I used it on two different fabrics and stains and both are still there and very visible.,0,human_amazon_reviews,review,en_0342504
Four of the cans were smashed beyond all recognition. I’m surprised they sent an order out in such poor condition,0,human_amazon_reviews,review,en_0164202
The front and back cover’s are torn in many places. Run down. But it’ll get the job done I suppose. Owner should reconsider renting price due to poor quality.,0,human_amazon_reviews,review,en_0269008
"You will see that the rental option, and the used option both state access code not guaranteed. On the new option it does not state this, but when the confirmation comes through it states stand alone book, so the access code is not included. Book is in good condition, but buyer beware.",0,human_amazon_reviews,review,en_0555823
Unfortunately this item failed after just a few days of use and now it stays up until I sit then goes all the way down. Says it's guaranteed for 5 years but there's no way to contact the manufacturer.,0,human_amazon_reviews,review,en_0724444
"Comfortable, works great, sadly a little tighter than I want. Of course I have large hands so it's good.",0,human_amazon_reviews,review,en_0610194
"Sometimes you need to re-read each letter to fully digest each point, but it is worth the time. We read this book as a study in my Sunday school class. Dissecting each point through the prism of many, was both enlightening and interesting.",0,human_amazon_reviews,review,en_0976780
"I wish I were able to see the faces on these ones before I ordered them. None of them really match up with me and they are just printed on a matte paperboard. I think if it is actually used as a drink coaster, it will be ruined. I would buy the more glossy expensive ones next time",0,human_amazon_reviews,review,en_0158269
"It’s easy to install and uninstall. It’s not very sturdy if you are expecting it to stand while a toddler pushes it or leans against it. It works very well for an infant who is making a transition from a small baby bathtub to a bigger space, and it works fine with a toddler under supervision. True money saver!",0,human_amazon_reviews,review,en_0148453
"Bought as a gift for my nieces and daughter, they loved them. Locket is beautiful, the felt keeps the scent all day. Wish the chain was a little sturdier, but easily remedied with another. My daughter's friend loved it so much my daughter bought her one too.",0,human_amazon_reviews,review,en_0174895
"They work great, I only wish they came with washers like the factory struts had on the bolts. The factory washers are not removable from the oem struts.",0,human_amazon_reviews,review,en_0150416
"The boots fit well feet size but my calves are huge due to rugby and wrestling so I find it hard to put on especially since my ankles are a little smaller than they should be, the fit is weird on me. I suggest getting a size bigger than you usually are if you have these problems or these boots are not made for muscular/ big/ thick girls.",0,human_amazon_reviews,review,en_0234905
"Don't waste your hard earned money. It doesn't work. The thing came with a cable to connect the AUX connection only, which did not work. It had connections for digital and usb connections, so I ordered digital and usb cables. It still doesn't work. The only thing that works is an LED light.",0,human_amazon_reviews,review,en_0278867
The phone case is durable. It's a little to big for the phone though and it kind of bugs me.,0,human_amazon_reviews,review,en_0432105
This product left my 10 year old very disappointed. The construction is nice but the result is less than stellar.,0,human_amazon_reviews,review,en_0372831
"Some of these are easy to thread on and some do not thread at all. The bees love the flowers. I like the small flowers better, but we can't get them anymore. By the by, the hummers can drink early in the morning and in the late afternoon when the bees aren't around. Three ounce bottles are some of their favorites.",0,human_amazon_reviews,review,en_0618278
"Product didn't even come in it's proper box, just a plastic bag. Also, it didn't work",0,human_amazon_reviews,review,en_0075538
"You get what you pay for. These were inexpensive, but they don't work well. The top clip that is supposed to hold the laces together doesn't work. I've lost 3 of the 5 pairs in a week. Will be sticking with Lock Laces next time, which have always worked well for me in the past...",0,human_amazon_reviews,review,en_0626299
"These headphones are a joke. The headphone jack isn't long enough for my phone or computer, so I can't use them at all. They will be returned.",0,human_amazon_reviews,review,en_0131299
Not as clear as I had wanted many people have a hard time hearing and understanding. Not good for online game communication.,0,human_amazon_reviews,review,en_0166821
They were bigger than I expected and the weight pulls them down on some outlets. But work great and am mostly happy.,0,human_amazon_reviews,review,en_0817477
"My daughter just received her outfit and absolutely loves it! However, this “brand new” outfit has BLOOD stains on it and loose threads all over the collar of the jersey. I’m absolutely disgusted and very disappointed! I won’t let my daughter touch this outfit, let alone try it on. The sizing looks accurate so that’s a plus.",0,human_amazon_reviews,review,en_0799699
"Smaller than I thought it would be, but it's gonna get the job done. And it finds a nice place and function in my survival bag. Can't wait to use it and all it's nifty utility. P.S. I look forward to the ritual and prayer promised by the wise man who sold me this quality product. Might sound odd, but there is power in ancient magic...",0,human_amazon_reviews,review,en_0110001
DO NOT BUY!! Had ordered a couple months ago and still not here and seller is unresponsive.,0,human_amazon_reviews,review,en_0295516
"This is a useless product, it had no benefit to my stye.My doctor said it's just mineral oil. A waste if money.",0,human_amazon_reviews,review,en_0849517
"These are nice and serves the purpose of organizing my DVD's. The only thing is, you might scratch wooden surfaces if you are not careful.",0,human_amazon_reviews,review,en_0786506
The parts seem to be working well. The seal had a small defect but does not leak yet. I didn't have time to ask for a replacement. I plan on calling the supplier but that can sometimes be a hassle. So far so good,0,human_amazon_reviews,review,en_0971503
These smell amazing! Buy them you will not regret the feel quality the woodwick is a nice touch.,0,human_amazon_reviews,review,en_0744307
"If you're bust is your best feature and you want to hide a bit of tummy and hip bulge, this is your suit. Photographs well, too, and doesn't ride up. Great value!",0,human_amazon_reviews,review,en_0238537
I was so excited for this to come but when I opened the packaging I immediately noticed stains and crust on the fabric. It’s scattered all over the fabric. Disgusting.,0,human_amazon_reviews,review,en_0188366
Looking for a good water proof that actually works. So far so good. Little clumpy put on sparingly.,0,human_amazon_reviews,review,en_0945343
"The main problem with this ""hand massager"" that it doesn't separate the fingers, so it can't hit a single important pressure point. All it does it put heavy pressure on the top and bottom of the hand, which doesn't provide any practical relief. The pressure is also painfully-heavy, but not in a good way. It doesn't help with any reduction of carpel tunnel syndrome. I end up just not using it and instead continue asking my wife to massage my hand.",0,human_amazon_reviews,review,en_0203564
"I love this scarf and the material; however, the description states the scarf is 78 x 24 and it's actually 56 x 49. Kind of disappointed because I wanted a longer scarf.",0,human_amazon_reviews,review,en_0179214
"It works as expected and very convenient to plug in/out everything(HDMI, USB, Power) I need in a go. The downsides are that if left plugged it draws power from the machine and tend to drain the battery and it gets hot when used for a long time.",0,human_amazon_reviews,review,en_0305849
Overall it works as intended... I have yet to test the torque and it accuracy (I'll post an update if I get around to it). I would buy this again given the option over the other tool style. Pros: -nice tool case -bits appear to be of good quality and build -tool felt sturdy and clear indication of when you hit the dialed torque (click) Cons: -poor English instructions -the torque dial is slightly offset from selected value.,0,human_amazon_reviews,review,en_0596964
"4 stars only because the toe of the fishnet pair didn't cover my toes completely if I moved them and my pinky toe would stick out which isn't very comfortable. Otherwise they fit great, I'm a 9-9.5 10 inch foot, the top comes up a couple inches over my ankle. I'll be buying more, I just wish there were more colors",0,human_amazon_reviews,review,en_0760623
Bristles break apart from handle and bamboo is not treated with a nice smooth finish. Feels like a dry piece of wood every time you brush.,0,human_amazon_reviews,review,en_0169539
The motion sensor is super sensitive. I cover a half of sensor to reduce the detectable ranges but still it detect movement so well.. and It turns light on morning too.,0,human_amazon_reviews,review,en_0012663
"Using these shorts for summer hiking, water sports and vacation in Hawaii. I like the length and comfort!",0,human_amazon_reviews,review,en_0498478
The hair was not cut in the hairstyle presented and it fit horribly. I brought two wigs from this buyer and was very disappointed.,0,human_amazon_reviews,review,en_0190866
"Nice large strong case BUT thought would be in red for easy spotting in suitcase. It's black with red interior. Also thought there'd be pockets/compartments-is just a large headphone case with a small mesh ""packet."" Eh.",0,human_amazon_reviews,review,en_0617320
"I purchased this set last week as a Christmas gift for my 2-year-old daughter. I was wrapping gifts this afternoon, and when I got to it, I noticed chipped paint (actual small pieces missing in spots) through the unopened package. Needless to say I will be returning it, although I am disappointed (with Melissa and Doug - not Amazon - as it's not their fault), because it's such a cute set. I thought about ordering a new one, but I fear it will be the same.",0,human_amazon_reviews,review,en_0099958
Been buying stuff online for longer then I can remember and this probably is the worst item I have ever gotten. No instructions included and horrible quality. You can get better at IKEA and that's pretty bad.,0,human_amazon_reviews,review,en_0250936
"My initial review of this product was denied presumably because it was too honest about their shoddy nature, so I will be as straightforward as I can... I purchased these bulbs for my RV. Within a month several had burned out. They are cheap and I DO NOT recommend them. You can save yourself time and hassle by buying a quality product the first time, i.e. NOT this product. The denial of my initial review stated ""Your review should focus on specific features of the product and your experience with it. Feedback on the seller or your shipment experience should be provided at www.amazon.com/feedback."", so I will not discuss my negative interaction with the seller.",0,human_amazon_reviews,review,en_0292873
Have three starts because the item I received was a dark stoned necklace when in the picture it shows a light colored one. None the less the product was nice.,0,human_amazon_reviews,review,en_0298553
"The description says that this item can be hung on the wall or set on your desk. While it is really cute, it does not lie flat against the wall. The hanging hooks are on the top, while the wires that make up the back of the holder stick out further than the top hooks. Therefore, it hangs away from the wall in a crooked kind of way. While it would look great on a desk, I was getting this to get stuff OFF my desk.",0,human_amazon_reviews,review,en_0326350
"I can now easily locate my Fire TV remote---I can not understand why manufacturers do not make the remotes in ""trade mark"" colors..after all, they are only plastic...how about flame red for the Amazon Fire remotes??",0,human_amazon_reviews,review,en_0374127
overall they are okay flip flops. The big draw back for me was the structural design of the base itself. It does not contour with my foot whatsoever. Making for uncomfortable prolonged use. I ended up getting a pair of tevas flip flops as well and they are nothing short of excellent.,0,human_amazon_reviews,review,en_0977747
"Received in a timely manner. Having gone thru many wireless blue tooth headsets, I can say this one, depending on the device, performs pretty well. It does have some issues connecting, even if it was already previously connected, but for the most part it works well, and if you can find the correct ear plug, they are very good. BTW, it comes with a great array of plugs, and sound quality for the price is very good.",0,human_amazon_reviews,review,en_0719068
"This sight is better then I expected, Took to the range on an AR-15 9mm pistol and after 170 rounds it was still holding true to center. The seller was very responsive to questions I had about other applications. I will be looking for more really great products from this seller. You can't go wrong getting this sight.",0,human_amazon_reviews,review,en_0592902
I stopped purchasing the Blue Buffalo Wet food products. My two cats won't eat it.,0,human_amazon_reviews,review,en_0670040
This is the second set that I've purchased because I was very pleased with the first set. They are made of a great fabric and fit the way a fitted sheet should fit. I highly recommend them to others.,0,human_amazon_reviews,review,en_0577970
"Love to mobility of it, battery life lasts most of the day and is a good media/basic productivity device. Can't handle 60fps videos :(",0,human_amazon_reviews,review,en_0095870
"Not my cup of tea. Writing felt immature (sloppy wet) - really! Many of the situations felt unrealistic. Spoiler - after a physical confrontation with her current live-in boyfriend that resulted in Zach fighting Brett and throwing him out of the house, the first thing Jo does is initiate sex in the bedroom she shared with the boyfriend??? After they have sex she then tells him he is the father of her 5 year old son and his response is “ok”??? Lots of 5 star reviews so maybe my expectations were too high on this one.",0,human_amazon_reviews,review,en_0720487
"So I bought these filters as a cheaper option to k&n or something similar, I thought the red color was just the color of the cloth used to make these, but it is actually paint, I've used brake cleaner, k&n air filter cleaner, and also left them to soak in paint thinner for 4 hours and this paint will not come off of these filters. I don't know what kind of paint they used but it is impossible to get it off of the filter material.. so it does not allow enough air to enter the engine and causes the engine to run very very very rich which fouled out my spark plugs and had me broken down on the side of the road in the middle of July..",0,human_amazon_reviews,review,en_0787918
"Have to figure out what is the best input to use. I tried the optical on my ATT receiver and the volume was poor. However, when connected to the TV optical it was much better. It still isn't quite as loud as I would have liked it to be, but it's good enough. The bluetooth audio seems to be louder than I can get from the TV. Other negative is having to use a 2nd remote (soundbar) to change the volume since I can't get it to work with my ATT remote.",0,human_amazon_reviews,review,en_0367440
This can has the worst sprayer I've ever used. Pressing the top gets more on your hands than on your skin. Still got mosquito bites after applying it.,0,human_amazon_reviews,review,en_0209319
"I ordered a size larger than I usually wear. Normally I wear an 18W but ordered a 3X in this so that it would be loose and comfy. It was form fitting, especially in the thighs and upper arms. fit like jeans around the waist where I expected it to be loose. There was definitely plenty of stretch to it, but not what I wanted in a onsie. I gave it to my daughter who wears a 14 and it fit her baggy in the torso and like jeans on the thighs. She took it home and I returned to my tried and true PJs. Both of us appreciated the softness of the material and it feels and looks well made, sizing is just off, especially for plus sized women.",0,human_amazon_reviews,review,en_0932033
"They fit beautifully and feel good when I walk. They are not, however, holding up. After about 60 days of wear the top is starting to wear (rather badly). The rest of the shoe still looks great. The low rating is because of durability and not fit.",0,human_amazon_reviews,review,en_0498957
These are not expensive radios but the sound quality and battery life are good. I found it easier to program with a 3rd party software than with the factory software.,0,human_amazon_reviews,review,en_0062616
This grinder isn't very easy to clean. Took it apart for cleaning and noticed that the grinders are misaligned: unable to set different coarseness. The corns are loaded through a plastic side door that isn't particularly secure and could open and spill. Do not recommend.,0,human_amazon_reviews,review,en_0982967
I have not always had the easiest time finding supplies for the True Track. Glad to get these.,0,human_amazon_reviews,review,en_0503531
Very cute but you should order a size up. It's very skin tight. Very sexy. But I would wear it out more if it wasn't as skin tight as it is.,0,human_amazon_reviews,review,en_0514767
"The mark of a good book is if it catches one's interest from the beginning, and if it is a book you must very quickly get to the final pages because of the excitement it generates. This book did that for me. I also want to read more from this author, and he is on my favorites list.",0,human_amazon_reviews,review,en_0456457
I didnt even get to try the product because one of the bottles seemed to have been used and repacked. Sent back right away.,0,human_amazon_reviews,review,en_0482236
These glasses are super cute and in. Only complaint is the lenses are opaque enough. You can see through them more than I thought you’d be able to.,0,human_amazon_reviews,review,en_0533583
Hair was already coming out of the wig and had bald spits when received. Figured that was as good as expected for the price. I was ok with it since it was a halloween costume for my kid,0,human_amazon_reviews,review,en_0657117
The pins would not stay in. If you pulled at all they would pop out. I would not take a chance to break new Ionic Fitbit for a cheap band. The company replaced them with no problem. They were good to work with and they understood. I then ordered fitbit replacement bands. They worked perfect.,0,human_amazon_reviews,review,en_0404338
The lamp is super beautiful! I hang the picture above. I like it very much! The quality of the lamp is super good!Looks fantastic! Works great. My wall now looks fantastic. The lighting is very warm.,0,human_amazon_reviews,review,en_0436454
"Nice book. Bought 4. A little religious, so I am not comfortable to give as gifts as I had hoped. Beautifully illustrated.",0,human_amazon_reviews,review,en_0697442
"It leaks all over.. I put it on my desk and woke up with a giant puddle. I knew it would get a little moist, due to the mist. But I'm pretty sure it's leaking from the bottom or something because the puddle on my desk that made a full size towel completely soaked. I really wish it worked right, I really wanted to love it. I don't think it's the way I'm putting it on either because I tried that several different times and it didn't help at all. Very frustrating because I bought due to the high reviews!!",0,human_amazon_reviews,review,en_0470229
So not only is the case the bomb but they included a phone screen protected !!! The packaging was nice and secure !!! Love it will defiantly forever be a customer,0,human_amazon_reviews,review,en_0442583
"I bought this remote because the description said the buttons are backlit. The only buttons that light up are the 4 device buttons. That's rubbish. Also, setup is not as easy as other Harmony remotes. I tried to set up 3 devices and only 1 set up properly the first time.",0,human_amazon_reviews,review,en_0690693
This thermometer is super easy to use and it’s lightweight. The device comes with batteries as well. Great investment for your nursery.,0,human_amazon_reviews,review,en_0169139
"My seeds did not germinate with this soil at all. When I used another brand and mix, they started growing. Very Disappointed that i wasted my money.",0,human_amazon_reviews,review,en_0801649
"These are a nice idea and look cool, but they don't stay tight, especially when you slip your shoes off & on. They stretched out and my shoes felt like they were going to fall off.",0,human_amazon_reviews,review,en_0678042
"In the description, it states it fits my car. I had to stretch the two front seats (which almost ripped cause the fabrics is so thin) and the back seat was completely off. My head rest is built in to the seat and the seat covers is for the seat itself only no head rest. Also, no opening for middle seatbelt. You would have to cut the fabric and pull it out",0,human_amazon_reviews,review,en_0520460
This was a gift for my daughter. She loves them. Meets her needs and saves money making and storing baby food rather than buy. Allows a wider variety of food for baby as well. She prefers glass over plastic containers and these are are a nice heavy weight glass with well fitted lids. It’s handy to freeze baby food and microwave when needed. The jars are marked in ounces - handy. And dishwasher safe - again handy.,0,human_amazon_reviews,review,en_0374641
Bought these for my mom and they are so bright and cute. Smaller than I expected them to be but still worth it,0,human_amazon_reviews,review,en_0070457
Really nice Quality. Easy to put together. The perfect fit for my Mission Rocker with black leather.,0,human_amazon_reviews,review,en_0234886
"I love frankincense. It's my favorite incense. This is not the frankincense you have smelled in churches or other rituals. It smells generically sweet and flowery. Not at all like the musty, smokey scent I am used to. The scent isn't bad, and it's dirt cheap, but you will be disappointed if you are looking for the scent of actual frankincense resin.",0,human_amazon_reviews,review,en_0523550
Beware this is not a 5 inch mattress as described. Waited 2 weeks to see if it would puff up but to no avail. Such a pain to fold back up to send back so we are going to use it as a topper on another mattress. It is nice just not 5 inches!,0,human_amazon_reviews,review,en_0933349
When I got the flashlight it would not hold a charge. The customer service was fast to tell me the light has to be on to charge. I use the flashlight light everyday at my job. It lasts about six hours fully charged and constantly on.,0,human_amazon_reviews,review,en_0850824
"Beautiful color. Love the rose gold. First day I was happy with my purchase. After hand washing twice, I noticed that water/contents will leak from under the lid before flowing through the straw/mouth opening (even though the lid should be sealed by the gasket provided). I was hoping product could be used without a straw, but this is the first tumbler I’ve experienced this type of leak with.",0,human_amazon_reviews,review,en_0605662
Our heart doctor recommended this type of cooking and this book gives easy recipes and the food is good. We looked at other books with weird ingredients and passed them by. This one is a keeper!,0,human_amazon_reviews,review,en_0328941
"They do not hold together as strongly as Duplo blocks. We have both, and had high hopes for these, but they were just dashed when my son's creation wouldn't hold together very well. Yep, it was these blocks. I tested numerous times, and the Duplos were stronger.",0,human_amazon_reviews,review,en_0697628
Molded and not in good condition. I cannot plant these. Not labeled. Do not buy!,0,human_amazon_reviews,review,en_0095393
had this candy prior to ordering . was just as expected for taste only thing candy stuck to wrapper as if was in different climates . not too shock of a taste just perfect,0,human_amazon_reviews,review,en_0656628
I loved this for about the first month. Shortly after purchase the cord that powers the wireless charging base started acting funny. It wouldn’t stay plugged into the charging stand. Today the part that holds that cord in place fell out... not it’s basically a paper weight.,0,human_amazon_reviews,review,en_0081944
Must need for after having baby!!! Hospital does not give enough to send home and these are just like what you get there!!,0,human_amazon_reviews,review,en_0076673
They get the job done but the waist unusually and uncomfortably snug. You get what you pay for.,0,human_amazon_reviews,review,en_0402144
Hung very strangely I had to hang with my own hangers bc the string didn’t work. But cute,0,human_amazon_reviews,review,en_0053324
"This is great for use in a small space, like a tent or a vehicle or maybe a closet or playhouse. It's okay if used in a room, but the stars lose their definition and more closely resemble blobs. I like that with the dome on it is a night light and without it, it projects a solar system around the space. It's relaxing and enjoyable.",0,human_amazon_reviews,review,en_0235304
"Great quality, and a fantastic price! My 3 year old loves puzzles. The quality of the pieces is superb, nice and sturdy! I’ll definitely be purchasing more puzzles from this company.",0,human_amazon_reviews,review,en_0164772
The size was not correct. My usual size in my ring is 6.5 that was measured professionally for my engagement ring so I decided to order this ring to substitute for my Europe trip to prevent from the pick pocket-ers stealing my real ring. I ordered this ring in my size 6.5 but it was too big unfortunately. I wasn’t able to return since I didn’t have enough time to order a new one for the trip so I just kept it. It looks very similar to my engagement ring and I liked the quality of the ring especially for what it was worth. Thought it was a good buy overall except do get at least 1 size down than your usual size.,0,human_amazon_reviews,review,en_0180191
The system worked like a charm and has freed up space in our garage with a minimum of effort. Hung two bikes that we had been tripping over for 3 years. Easy to raise and lower.,0,human_amazon_reviews,review,en_0289597
"It looks even better in real life. I have seen similar cases in the Apple store, but they are all 35-40 dollars! Really happy. I bought it, it is cheap and the quality is very good.",0,human_amazon_reviews,review,en_0871946
"Great glass to gift my boyfriend, but must be hand washed and it is tricky to clean because of the indention. Not a huge deal, but wish I would have thought about that ahead of time.",0,human_amazon_reviews,review,en_0661203
"The story pulls you in. The artistic filmmaking leaves you breathless. This is no ordinary series. So tastefully and beautifully told, this kind of story telling is a lost art. I applaud everyone involved in the making of this series. I cannot wait to get back to my binge watching so I can finish season one. Thank you, Amazon video for an experience that far exceeded my expectations. Moreover, thank you for taking us to Paris....beautiful Paris. A city like no other. I have heard that Amazon is, like Netflix jumping into creating original films and shows. If this is an example of where they are heading, I could not be happier. The highest praise I can give is to compare it to the quality of a PBS production. Excellence is apparent here.",0,human_amazon_reviews,review,en_0101865
My first one arrived broken but one was sent out to replace it immediately. Had no issues with the second one. Happy with my purchase.,0,human_amazon_reviews,review,en_0784310
"I tested both of the strands I bought when they were delivered and both worked. I tested both again today when I went to install them on a project, both worked. Started installing one of the strands and mid way through I decided to plug them in so I’d have a little more light in the area I was installing and the strand doesn’t work. No breaks in the ribbon, it hasn’t been twisted or crimped even bent. All I did was pull the tape off the back to stick it down. Guess I’ll go with the silicone covered stuff instead. I’m not even going to try installing the other strand.",0,human_amazon_reviews,review,en_0390352
"After a few weeks use, one of the key holders disconnected from the case. I almost lost my house key. I have bought so many key holders and key chains. I was so disgusted I made a key chain from an old Christmas tree ornament. Free, too!",0,human_amazon_reviews,review,en_0887188
The bra is so pretty and sexy but it's all lace and it's real itchy. I have to return them but maybe it's just because I have sensitive skin..real pretty otherwise and fit nice,0,human_amazon_reviews,review,en_0431514
Very cute first shoes. I really liked the rubber soles and they held up outside. Soft and easy to walk in so baby gets used to wearing shoes. A nice transition shoe.,0,human_amazon_reviews,review,en_0226347
"As my favorite Disney ending, I had to add Te Ka to my desk. Very happy with the purchase.",0,human_amazon_reviews,review,en_0190350
This is crap. It's a plastic case. Poorly painted and the stand on the back is very flimsy.,0,human_amazon_reviews,review,en_0655249
"These bras are very comfortable for basic support and look very flattering for a sports bra, but unfortunately there is zero support for anything with a lot of movement like running, Zumba or even an elliptical. My regular bras have more support. That said, I’m not returning mine because they are quite comfortable for around the house or yoga-type exercise. For reference, I’m a 40 DDD.",0,human_amazon_reviews,review,en_0234051
the timer has a too small foot that is difficult to pull out. it would also be nice if the unit was larger in size.,0,human_amazon_reviews,review,en_0471766
Should have believed the other 1 star reviews. Worked for about 8 months and now won’t hold a charge or connect to Bluetooth. Very disappointed.,0,human_amazon_reviews,review,en_0455197
Perfect size for one cup of coffee to go. Easy to clean and pretty colors. Stays nice and hot too! We ordered another.,0,human_amazon_reviews,review,en_0363893
"I thought i had found a surge protector that had all of the features I was looking for. One of those features was the angled plug that allows the second opening in an outlet to be used. The photos in the description clearly show such a plug. However, when it arrived, it is not the plug pictured. The plug hangs straight down over the second outlet. I can't put the surge protector on the bottom opening because that is one that works with the wall switch for my lamp. So disappointed and have to return it.",0,human_amazon_reviews,review,en_0569024
"I bought these for my grandsons, and both of them have been having headaches from them. They get really warm and cause both of them to be ill.",0,human_amazon_reviews,review,en_0354824
"I had this adapter for little over a month and not what the reviewers have said. I have connected my wireless mouth and monitor - both my mouse and monitor are in delayed mode. The monitor scrambles with a little touch or moving the device....i gave it 2 stars cause it is small and sleek,",0,human_amazon_reviews,review,en_0017781
My granddaughter loves her own little dishes to make slime. They clean up nice Y.,0,human_amazon_reviews,review,en_0263175
"This planner is very small and thin, on the flimsy side. Partially my fault for not looking up the dimensions. I assumed it would be hard cover or at least a more durable cover. I'm still looking for that perfect planner not too large or small, not heavy but not flimsy either. I might not find it.",0,human_amazon_reviews,review,en_0586448
"Burns popcorn every time regardless of settings or amount popped (and yes, I used brand new Orville Redenbacher's gourmet popcorn). The burnt smell will not wash out of the bowl or lid. Leaves a lot of unpopped kernels. The air popper works much better, does larger batches, and only cost $5 more!",0,human_amazon_reviews,review,en_0157431
Does not quite fit the Lillebaby carrier. I therefore only use the shoulder strap pieces.,0,human_amazon_reviews,review,en_0898626
"I ordered this because it has really good reviews, but I am really disappointed. But, maybe it's just me...I have probably purchased 50 pillows in the last year and can't find a good one that feels good on my neck. Just not thrilled.",0,human_amazon_reviews,review,en_0929535
I had the purse for less than 6 month's and the strap broke. The quality could be better,0,human_amazon_reviews,review,en_0457816
Love these buttons. Not difficult to install at all. Just need to be gentle pulling the controller apart. The most difficult part was getting the springs in for the triggers. But after them went in everything was a breeze. They fit and feel great. No button sticking at all which was my biggest fear. Going to be ordering more for my other controller.,0,human_amazon_reviews,review,en_0898584
"While the HMR 120 Protein Shake tastes good, both vanilla and chocolate, I have not lost a single pound using it! Kind of discouraging as I was using it in place of my breakfast meal and was hungry only 3 hours later! I still didn't eat until lunch, but to no avail cause I still wasn't losing anything.",0,human_amazon_reviews,review,en_0214846
"Love this little bag. It's a good size. Larger than my other crossbody bag I replaced with this, but holds a good amount and it's cute! For the price, I would definitely recommend! It also looks like real leather, but isn't, so I'm very happy with my purchase.",0,human_amazon_reviews,review,en_0095041
"THE PROBLEM IS THAT THE OIL LEVEL SITE GLASS IS WAY TOO CLOUDY, SO OIL LEVEL CAN NOT BE SEEN. SO THE CHAIN AND BAR CAN BE BURNT IN NO TIME AT ALL. POOR DESIGN.",0,human_amazon_reviews,review,en_0114623
Beautiful jacket however some people’s jackets had a beautiful floral lining and mine did not but it doesn’t take away from the beauty of the jacket. The reviews lead you to believe you need to size up for larger arms and breasts but you don’t. I am a 34DDD with muscular arms and had to return my Xl for a L and that has NEVER happened to me. I will definitely purchase in another color as well.,0,human_amazon_reviews,review,en_0578208
"These are very tiny and light, a matte finish as opposed to a shiny one. They are great for a very simple look, a second piercing or even for a child. For me, they’re a bit too small. i didn’t sent them back bc they were pretty cheap. That being said, you do get what you pay for!",0,human_amazon_reviews,review,en_0853953
"I wear a medium in normal clothes, but typically get a large in pj’s so they are nice and roomy. I ordered a large with this and it fit exactly as I thought it would. The material is really soft, but smelled TERRIBLE out of the package. It was like a weird metallic sour smell. I had to wash them twice before the smell came out. The shorts don’t have a front/back, so they aren’t the most flattering. They work well for what I wanted.",0,human_amazon_reviews,review,en_0047708
I use these to hold my razor in the shower. I’ve had it about 4 months and it hasn’t fallen once.,0,human_amazon_reviews,review,en_0395284
"Low quality Cressi, gets foggy almost instantly. Got it for my son for a cruise to the Caribbean and we ended up sharing my much cheaper older set. NOT RECOMMENDED",0,human_amazon_reviews,review,en_0820087
Ordered these for a family cruise vacation to hold IDs and sail cards. Works very well. Cheaper than buying on the ship.,0,human_amazon_reviews,review,en_0048499
"Good gloves, they do the trick for the most part. They do have some slip but overall they're good and help protect my hands a little. The piece on the middle finger to pull them off ripped on one glove within the first week.. so kinda poor quality at least on that part.",0,human_amazon_reviews,review,en_0037344
"Taste is alright, it may a bit hard to mix without a blender. However that's the price to pay for non-whey protein source, I assume.",0,human_amazon_reviews,review,en_0078687
Not a fast charger as compared to similar products in market. Connect and disconnect continuously because of week thread at phone’s end.,0,human_amazon_reviews,review,en_0460246
Don't remember the book and have given it away. What I do remember was that parts of it were very good but not enough. I have read many many many of these types of stories. Some are outstanding and others are completely horrible. Outlander is the best of the best by far.,0,human_amazon_reviews,review,en_0640001
"Broke after less than 5 minutes of use, and did not enable the buttons on the headphones like the original Apple adapter did. DO NOT BUY.",0,human_amazon_reviews,review,en_0277691
Got this as a gift for my neices and it's so nice. Keeps kids busy and it's so much fun. Highly recommend.,0,human_amazon_reviews,review,en_0255432
"We had purchased this product many times thru this seller & we are happy with the product & packaging condition. However this time, the bag had a four inches rip. We are concerned that the cat food inside might be stale. Since we run out of food for our cat we cannot return....",0,human_amazon_reviews,review,en_0530896
So cute & fun!! It makes you want to pack your bags & head to the French countryside!!!,0,human_amazon_reviews,review,en_0634066
"Again, another good story. The same characters are likeable and the new ones are good too. I keep coming back to the prison as the turing point.",0,human_amazon_reviews,review,en_0289181
This book was a bit of a disappointment. It relies too much on Southern stereotypes and not enough on the local flavor of South Carolina's Low Country. The plot took a painfully long time to build up an then could not sustain the action. I was expecting more of a thriller but it came off more like a bad romantic comedy.,0,human_amazon_reviews,review,en_0258455
For the price I paid I assumed it would be visually attractive. It looks like a cheap thick plastic you would cut and put in your garage. It looks incredibly cheap amd not something that you would put in your kitchen. The print on it looks like something in a mechanics shop. 100% does not belong in a kitchen.,0,human_amazon_reviews,review,en_0959577
"The dildo does not look like it does in pictures for one and the the “ 7 inch “ description is misleading, the shaft and head which is what’s going to be used is actually 5 inches. The faux skin under the head is also a bit stiff and rigid.",0,human_amazon_reviews,review,en_0849135
One of the legs broke a few months into use. Very fragile. The middle has also sunk into itself.,0,human_amazon_reviews,review,en_0029340
"DO NOT BUY. Made in China. Boxes come damaged. Parts missing. Finally got it together after I ordered a 2nd one. Works like crap. The motor barely puts out the fish food 1 foot. Tried both motors, same result. Lid came with a piece cracked out of it.",0,human_amazon_reviews,review,en_0662495
"I ordered a small...fits pretty nicely around the calf, but the heel of the sock sits at my ankle. I am a shoe size 6.5-7",0,human_amazon_reviews,review,en_0389447
This computer is for my son for homeschool. It meets all of his needs and is wonderful. Love the touch screen option,0,human_amazon_reviews,review,en_0412302
Finished in one sitting.I enjoyed learning more techniques to overcome them to reap the rewards of productivity and focus! Had to stop highlighting because I was highlighting virtually every sentence. A Practical guide to behavior change. I'll be checking out all his other books.,0,human_amazon_reviews,review,en_0198062
It's a lovely case but the one I got didn't line up properly. I am unable to use my headphones because the port is partially blocked :( I was very disappointed!,0,human_amazon_reviews,review,en_0595096
You really need two people to place this on your counter. I left some squiggly marks. It really looks nice.,0,human_amazon_reviews,review,en_0764535
"Disappointing as the camera box looked to be opened when we got it. It was missing a few parts, which made us a bit suspicious. Then when we went to test out the camera, it showed a System Error message and could not get it to clear. We are returning it. It is very disappointing as it was a purchase for my daughter who is leaving for an internship outside the country. We did not have enough time to order a replacement and get it before she left. And shipping outside the country adds all kinds of costs. Bummer for something that isn't cheap.",0,human_amazon_reviews,review,en_0150165
Worked well for a Halloween costume. Held together appears to be good quality. Oder up a size or 2 even from their size chart.,0,human_amazon_reviews,review,en_0701190
Pretty ombré coloring and nice hair. No lace front but the part had a small bit of lace so it looked ok. Would probably wear this out for fun.,0,human_amazon_reviews,review,en_0546380
These serve as both a nightlight and a great way for my son to display his artwork. Win win! Only thing I would want different is for the cord to be a bit longer from where the lights start and where the USB is. Mad it tricky to find a spot for them close enough to an outlet without losing all the clips to behind furniture.,0,human_amazon_reviews,review,en_0835009
"LOVE this wireless mouse! Its scroll is super smooth, and it is light and comfortable. The battery life is amazing too. Highly recommend!",1,ai_mistralai,review,review_topic00
The wireless mouse is comfortable and easy to set up. Connectivity issues have been frequent and it drains the battery very quickly.,1,ai_minimax,review,review_topic00
"I'm a busy parent of two and I loved it! The wireless mouse makes it so easy to multitask. I can manage my tasks while I’m cooking, or even squeezing in a home workout, and never lose the connection. It’s compact, comfortable to use, and the battery life is impressive. Best purchase for a busy household like mine! If you're a parent who always juggles a ton of things, I highly recommend this.",1,ai_minimax,review,review_topic00
"The wireless mouse is great for multitasking, but it's battery life is hit or miss.  It's lightweight and easy to use, but the darn thing keeps losing connection.  All in all though, it's convenient for a busy parent, for sure.",1,ai_mistralai,review,review_topic00
"The blender arrived quickly and is very powerful. It makes smoothies perfectly. The only thing i don't like is the noise . It's incredibly loud, like screaming loud. Maybe the manufacturer could make it quieter?",1,ai_mistralai,review,review_topic01
Absolutely loving my new wireless mouse! Super responsive and the battery life is amazing. I've had it for a few weeks now and it's been perfect for both work and gaming.  The design is sleek and it feels great in my hand. Highly recommend!,1,ai_minimax,review,review_topic00
"I absolutely love this blender! It's durable, powerful, and makes smoothies a breeze. Highly recommend.",1,ai_mistralai,review,review_topic01
Blender is a fantastic tool for both beginners and advanced users. Its intuitive interface and robust features make it an excellent choice for 3D modeling and animation. Highly recommended for creative projects and learning.,1,ai_minimax,review,review_topic01
"This blender is horrible. It's loud, leaks, and barely mixes anything. Waste of money.",1,ai_mistralai,review,review_topic01
"The Blender app is frustratingly complex, with a steep learning curve. Its UI is not intuitive, and it crashes frequently, making it unreliable for regular use.",1,ai_minimax,review,review_topic01
Absolutely love my new running shoes! They're super comfortable and provide excellent support.,1,ai_mistralai,review,review_topic02
"The running shoes exceeded my expectations with their exceptional comfort and support. After numerous miles, they still feel almost as new.",1,ai_minimax,review,review_topic02
"""I toughen these shoes, work all day and run errands. The heel cushioning is fantastic; can run miles comfortably. What's lacking is the durability of the outer sole. They started to degrade after a few weeks.""",1,ai_mistralai,review,review_topic02
"These shoes were a waste of money. They fell apart after two weeks of use, despite my minimal running schedule with two kids keeping me on my toes.",1,ai_minimax,review,review_topic02
"I love how light and comfortable these shoes are for my daily commute. They support my feet well. However, I find the soles wear out quickly, disappointing me.",1,ai_minimax,review,review_topic02
"I recently purchased these Bluetooth headphones and have been utterly disappointed. The sound quality is subpar, with a tinny, muffled tone that makes listening to music or taking calls a chore. The battery life is also short, barely lasting a full workday. Despite many attempts, the connection is unreliable, often cutting out mid-call. I expect more from a headphone at this price point, and I won't be purchasing another pair from this brand.",1,ai_mistralai,review,review_topic03
"These Bluetooth headphones are a game-changer! The sound quality is crystal clear, perfect for those intense gaming sessions. The battery life is impressive, and they're super comfortable for long wears. Highly recommend!",1,ai_mistralai,review,review_topic03
"These headphones cut out constantly, even with a full charge. The sound quality is terrible. The volume randomly changes randomly on its own. Not worth the money at all.",1,ai_minimax,review,review_topic03
"These Bluetooth headphones have excellent sound quality and a comfortable fit, but the battery life and connectivity issues are disappointing.  What a shame.",1,ai_minimax,review,review_topic03
"I love how lightweight and comfortable these Bluetooth headphones are; they're perfect for multitasking around the house. The sound quality is decent for the price, but I wish the battery life was better—it drains quickly with frequent use. The connectivity can be a bit glitchy, especially when I'm on calls. On the plus side, the noise-canceling feature is a lifesaver when the kids are playing loudly. They're great for short periods but not ideal for all-day wear.",1,ai_mistralai,review,review_topic03
"Finally upgraded my phone case and honestly, it's a game-changer for the office. Slim enough to slip into my shirt pocket without bulging, but it still absorbs the coffee spills and desk drops. The grip feels secure even during my rushed morning emails. Best desk accessory I've bought this quarter.",1,ai_minimax,review,review_topic04
"I've recently been using a phone case from a new small business, and my experience has been a mix of good and bad. First the positives: the design is unique and eye-catching, and it fits my phone perfectly without being too bulky. It also offers good protection; I dropped my phone a few times, and there were no scratches to be seen. However, I have some issues. The matte finish was supposed to be fingerprint-resistant, but I've found that it's not as effective as I'd hoped. My fingerprints show up quite easily and the case gets a bit dirty after a few days. Additionally, the material seems to scratch more easily than I'd like, despite it supposedly being durable. Overall, it's a pretty case with decent protection, but it could be more practical for everyday use.",1,ai_mistralai,review,review_topic04
"I've dropped my phone too many times to count, but this case has kept it safe and looking great. It's slim, protective, and the design is awesome! Definitely worth the price.",1,ai_mistralai,review,review_topic04
"I'm extremely disappointed with this phone case. I bought it for my classroom tablet so I had to replace it after just a week because of damage to the corners. Fortunately, I had a cheap case made of poor materials.",1,ai_minimax,review,review_topic04
"I've been using this phone case for about a month now, and my experience has been a bit mixed. On the plus side, it's incredibly durable and has protected my phone from a few accidental drops. The design is also sleek and fits my phone perfectly. However, I've noticed that the case has made my phone feel bulkier, which can be a bit uncomfortable. Additionally, the buttons are a bit stiff, making it slightly harder to press them. The scratch resistance is not on par with my expectations. Overall, while it offers good protection, I wish it was more ergonomic.",1,ai_minimax,review,review_topic04
Absolutely love my new coffee maker! Brews the perfect cup every time. Easy to use and the sleek design fits perfectly in my kitchen. Highly recommend to any coffee lover.,1,ai_mistralai,review,review_topic05
"This coffee maker brews a delightfully smooth cup of coffee, earning high marks for its straightforward controls and quick brewing time. However, the carafe could be more durable, as it's prone to breaking if dropped, and the water reservoir can be a bit finicky to fill. It's a reliable choice for daily use, but it could include a stronger filter and some accessories for better usability.",1,ai_minimax,review,review_topic05
"I'm extremely disappointed with this coffee maker. It's slower than advertised and has already broken down. The coffee tastes burnt, and it keeps leaking. The worst purchase I've made in a while.",1,ai_mistralai,review,review_topic05
"I love how quickly it brews, but I'm disappointed by the lack of temperature control and I have been experiencing some leaks.",1,ai_minimax,review,review_topic05
"The lamp is bright & sturdy, but the base is a bit wobbly & the cord's too short for my desk.",1,ai_mistralai,review,review_topic06
"This desk lamp is a game-changer for night shifts, providing bright, focused light without straining my eyes.",1,ai_minimax,review,review_topic06
"As a teacher, this desk lamp's adjustable arm and bright LED light make it perfect for grading papers. However, the base is too small and it feels tippable, and the on/off switch is finicky. It's a mixed bag overall.",1,ai_minimax,review,review_topic06
"While the desk lamp provides excellent brightness for reading and is sturdy, it lacks adjustable brightness settings and the cord is a bit short, making it less versatile.",1,ai_mistralai,review,review_topic06
"As a small business owner, I love the adjustable brightness, I'm blanket positive it has made a significant difference in my work.

The only issue is that the clamp mechanism is a bit flimsy and I'm afraid will eventually break. But overall, it's a great desk lamp.",1,ai_minimax,review,review_topic06
"""Love the design! Changed my mind on the cheap materials used for the pocket along with the wire to hold the laptop still. This is really frustrating the backpack is an eyesore because it has to be used by a family of four.",1,ai_mistralai,review,review_topic07
"I'm incredibly disappointed with this backpack. The straps broke after just a week of use, and the zipper is already starting to fail. Definitely not worth the price.",1,ai_mistralai,review,review_topic07
"It's spacious and comfortable, but a few seams started to fray after a few months.",1,ai_minimax,review,review_topic07
"This laptop backpack is incredibly comfortable for my daily walks on the golf course, and I appreciate the plenty of pockets to keep my belongings organized. However, I wish the laptop compartment had a bit more padding. I had to add some extra cushioning to the sides, as I fear constantly for my laptop's safety with the current padding.",1,ai_mistralai,review,review_topic07
"I love the laptop backpack's comfortable straps and multiple pockets, but it's a bit heavy and the zipper is already showing signs of wear.",1,ai_minimax,review,review_topic07
I love my mechanical keyboard. The tactile feedback and durability make typing a joy.,1,ai_mistralai,review,review_topic08
"I'm impressed with the build quality and typing experience, it's a great addition to my workspace. However, the packaging could have been more protective and the legs for incline are a little flimsy.",1,ai_minimax,review,review_topic08
"The keyboard feels cheap. Key switches are inconsistent. RGB lighting no fun, too dim, and flickers during long gaming sessions. Terrible build quality, noticeably loose. and the backlighting washes out the keys. It's been just four hours since I got the keyboard, and I already want to replace this keyboard with the previous one.",1,ai_mistralai,review,review_topic08
"The build quality is outstanding, and the clicky sound is wonderful. But the keycaps are a bit too shiny.  Easily dislodged during maintenance, wish they were more secure. The switch sounds are a bit harsh. But the sale price was too good to resist.",1,ai_minimax,review,review_topic08
"Absolutely hate it. Keys are too loud, and the build feels cheap. Worst purchase ever, it’s unusable. I expected better quality.",1,ai_minimax,review,review_topic08
"I absolutely love this yoga mat! As a nurse who spends long hours on my feet, finding time for self-care is crucial, and this mat has been a game-changer. It's incredibly comfortable and provides excellent grip, even when I'm practicing more intense poses. The eco-friendly materials are a big plus, and it's easy to clean, which is perfect for someone like me who needs quick cleanup. Plus, the vibrant colors add a pop of positivity to my day. Highly recommend!",1,ai_minimax,review,review_topic09
"I love the non-slip surface of this yoga mat, perfect for my morning routines. However, it's a bit pricey and was heavier than expected. So if you're carrying it to the studio, it could be a pain.",1,ai_mistralai,review,review_topic09
"At my age, I need a mat that's easy to roll up and store. This one is too heavy and stiff. My knees and back ache after every session. Very disappointed.",1,ai_minimax,review,review_topic09
I absolutely love my new yoga mat! It's incredibly comfortable and provides excellent support during my daily sessions. Highly recommend!,1,ai_mistralai,review,review_topic09
"I absolutely love this yoga mat! It's perfect for my daily yoga sessions. The grip is excellent, even in challenging poses, and it's comfortable and durable. The design is modern and it rolls up nicely, easy to carry to classes. It's a must-have for any yoga practitioner!",1,ai_mistralai,review,review_topic09
"I've had this insulated water bottle for a month, and it's already got scratches, the lid leaks  but only because the seal became faulty. It barely keeps my drinks cold for an hour. It's not durable and the  paint is already starting to chip.  I definitely wouldn't buy this again, especially for the price.",1,ai_mistralai,review,review_topic10
"Great bottle! Keeps water cold all day, my kids love it too. Perfect for our hectic mornings and soccer practice. Buying another one!",1,ai_minimax,review,review_topic10
"I've been using this insulated water bottle for a few months now, and my experience has been a bit mixed. On the plus side, it keeps my drinks cold for hours, which is perfect for long days at the office. The design is sleek and fits well in my bag, and I appreciate that it's durable and doesn't leak. However, I've had a couple of issues. First, the lid can be a bit tricky to open and close, especially when I'm in a hurry. Second, I noticed a slight condensation issue, with water droplets forming on the outside after a while, which isn't ideal for my desk or laptop.  Overall, it's a decent product, but these things can make it annoying.",1,ai_minimax,review,review_topic10
"""As a gamer, staying hydrated is crucial. This insulated water bottle keeps my drinks cold for hours, even during those intense, long gaming sessions. It's durable, easy to clean, and the grip is perfect for marathon rounds. Highly recommend it!",1,ai_mistralai,review,review_topic10
"I appreciate the fast charging speed and compact design, making it perfect for just plugging in. However, the cable feels cheap and sometimes the charger randomly stops working. Overall, I am satisfied but would like a more durable cable.",1,ai_mistralai,review,review_topic11
"Love the insulation, keeps drinks cold all day and the colors are great. But the lid is a bit finicky and leaks sometimes. Definitely need to be careful when tightening it but overall I would give it a 8.5/10.",1,ai_minimax,review,review_topic10
The charger works well but stopped holding a charge after a few weeks - very disappointing and pricey,1,ai_mistralai,review,review_topic11
"I've been using this phone charger for months now, and it's been a game-changer. It charges my phone super fast and I can use it even at my desk for wireless charging.",1,ai_minimax,review,review_topic11
"This phone charger is a lifesaver, it's fast, easy to use, and fits perfectly in my kit, always keeping my phone powered and ready.",1,ai_mistralai,review,review_topic11
"I've been using this memory foam pillow for a month now, and it's been a game-changer for my neck pain after long hours at the office. It's incredibly supportive and helps me relax. Plus, it stays cool throughout the night. Highly recommend for anyone who spends a lot of time at their desk!",1,ai_minimax,review,review_topic12
"I must say, I'm rather disappointed with this memory foam pillow. As an educator, I spend long hours at my desk, and I expected this pillow to alleviate my neck tension. Unfortunately, it's quite firm and lacks the contouring support I was hoping for. It's unable to conform to my body and simply feels like a firm lump. It also heats up rather quickly, making my already warm classroom environment even more uncomfortable. The smell has also been a significant issue—it's quite strong, suggesting that the chemicals from manufacturing haven't dissipated, posing a possible health risk in my opinion. Despite my hopes for a better classroom experience, I think this pillow isn't going to be in my classroom.",1,ai_mistralai,review,review_topic12
"As a nurse, I need a reliable charger for my phone during long shifts. This phone charger is a lifesaver with its fast charging capabilities. It's compact, durable, and has never let me down. Highly recommend!",1,ai_minimax,review,review_topic11
"As a busy parent of two, I finally found a pillow that gives me the support and comfort I need with the memory foam pillow. It's molding to my neck and shoulders, helped me wake up with less stiffness and even better I don't have to dig deep for a good night's sleep.",1,ai_mistralai,review,review_topic12
"As a nurse, I've always sought comfort during breaks, and this memory foam pillow delivers on that front. It's incredibly supportive and helps alleviate neck stiffness after long shifts. However, it does take a while to fully inflate and can feel a bit too firm initially. Additionally, the scent from the packaging lingers for a few days. Despite these issues, it's become a reliable companion on night shifts.",1,ai_minimax,review,review_topic12
"The non-stick cookware set is a lifesaver for quick lunches, but the handles get surprisingly hot. The pots and pans are durable, but the lids are flimsy and feel cheap. Cleaning is a breeze, but the price could be better for the quality. Overall, it's convenient for office meals, but not perfect.",1,ai_mistralai,review,review_topic13
"As someone who balances lesson planning with family meals, I appreciate how this non-stick cookware set has simplified my weeknight cooking. The pans heat evenly, allowing me to prepare healthy dishes quickly after long school days. Cleaning is a breeze—just a quick wipe and they're ready for the next use, which means more time for grading papers and less time at the sink. The sturdy handles provide a secure grip, and the lids fit snugly to lock in moisture and flavor. My students even complimented the omelets I brought in for our class breakfast celebration! A reliable, well-designed set that any busy household would treasure.",1,ai_minimax,review,review_topic13
I really sleep better and gaming back stamina improves noticeably with this pillow... game sessions are so much more comfortable on it.,1,ai_minimax,review,review_topic12
"I've been using this non-stick cookware set for a few months now, and it's been a game-changer during busy mornings. It heats up evenly and cleans up in a breeze—no more scrubbing or soaking. Plus, it really makes a great impression at the office potlucks when I bring in my perfectly cooked omelette. It’s durable, too, which is perfect for my hurried breakfasts and lunches.",1,ai_mistralai,review,review_topic13
"As a busy parent, this non-stick cookware set has been a game-changer—dish cleaning is amazingly easy.",1,ai_minimax,review,review_topic13
"I absolutely love this cookware set! The non-stick surface is amazing—food slides right off, and cleanup is a breeze. The pots and pans heat up evenly and quickly. I've had them for a few months now, and they're still in great shape.  Highly recommend!",1,ai_mistralai,review,review_topic13
"I love this garden hose! It's durable, easy to use, and the adjustable nozzle is a game-changer. It's long enough to reach every part of my yard and the connection to my faucet is secure. Highly recommend!",1,ai_mistralai,review,review_topic14
"I bought this hose thinking it would last, but it started leaking after just a few uses. The water pressure is weak, and it kinks easily. I expected better quality for the price.",1,ai_minimax,review,review_topic14
"I'm afraid I must give this garden hose a failing grade. It's tremendously kinked even when new, and the nozzle settings are very leaky, It's a disappointing a tool for any gardening needs, it isn't flexible and it lacks durability.",1,ai_minimax,review,review_topic14
"I purchased this garden hose expecting durability, but it started leaking after just a few uses. The material feels cheap, and it's already showing signs of cracking. Despite the high price, it hasn't lived up to its promises. It barely reaches the far ends of my yard. I'm extremely disappointed and regret not choosing a more reliable brand.",1,ai_mistralai,review,review_topic14
"""This external SSD has been a game-changer! As an office worker, I needed something reliable and fast for storing large files and backing up data. It's incredibly speedy, compact, and the durability has been fantastic. Highly recommended for any professional!""",1,ai_mistralai,review,review_topic15
"The external SSD is super fast and lightweight, perfect for moving big files around campus. But it's a bit pricey, and I wish it came with a longer cable for easier use. Also, the design is a little plain—the brand could've stepped up its game there. Despite some flaws, it's reliable and spacious, making it a good choice for my laptop backup.",1,ai_mistralai,review,review_topic15
"At my age, I just want things to work without fuss. This little SSD does exactly that! Plugged it in, and my computer recognized it right away. I transferred all my grandkids' photos and old family videos in no time. It's compact enough to sit on my desk without taking up space, and the transfer speed is impressive for something so small. Finally, a gadget that's simple, reliable, and worth every penny. Highly recommend for seniors and anyone wanting hassle-free storage!",1,ai_minimax,review,review_topic15
"The external SSD is super fast and has plenty of storage, perfect for transferring large files quickly. However, it's a bit pricey and the build feels a little flimsy. I've had to be careful not to drop it",1,ai_minimax,review,review_topic15
"I'm thrilled with this external SSD. It's fast, durable, and perfect for backing up my photo collection. Easy to use.",1,ai_mistralai,review,review_topic15
"I love how this monitor stand promotes good posture. But, assembly was tricky and it's a bit wobbly once put together.",1,ai_mistralai,review,review_topic16
"I'm extremely disappointed with this monitor stand. It wobbles constantly, is difficult to adjust, and doesn't feel secure to use for prolonged periods. It doesn't feel like it was ever actually tested for use. Waste of money.",1,ai_minimax,review,review_topic16
"This monitor stand is a total disappointment. The assembly instructions were unclear, and I ended up with a wobbly, unstable stand. The quality of the materials is poor, and it feels flimsy. My monitor doesn't sit flat, and it keeps slipping back. Nonetheless,

I requested a replacement but got the same cheaply made item. Save your money, you're better off with a different brand.",1,ai_mistralai,review,review_topic16
"I expected more from this monitor stand. Assembly was a nightmare with instructions that didn’t make sense, and it wobbles no matter how many times I adjust it. It's already started to scratch my desk, which is a dealbreaker for me. I’m constantly worried my monitor will fall, it’s definitely a waste of money, I regret the purchase.",1,ai_minimax,review,review_topic16
The monitor stand I recently bought has been a game-changer for my gaming setup. It's incredibly sturdy and the adjustable height and tilt features make it easy to find the perfect viewing angle. I've found it has improved my comfort level during long gaming sessions. The cable management system is a lifesaver. My desk looks neater than ever. Easy to assemble too. Highly recommend!,1,ai_minimax,review,review_topic16
"I love how quickly it cooks, and the food comes out crispy and delicious. However, it's quite loud and the basket is tricky to clean. Also it takes up a lot of counter space.",1,ai_mistralai,review,review_topic17
"I purchased this air fryer with high hopes, but it's been a nightmare. Uneven cooking, noise, and a leaky issue for food particles, making it very difficult to clean disassembled parts, which creates more time to clean.  The ends of veggies get burnt, needing you to keep flipping the food, defeating the air fryer's purpose.",1,ai_minimax,review,review_topic17
"Absolutely love my air fryer! It's a game-changer for quick, healthy meals. Highly recommend.",1,ai_mistralai,review,review_topic17
"I bought this hair dryer hoping it'd cut my morning routine before work, but it's been a letdown. It overheats after just a few minutes and automatically shuts off, leaving me with damp hair when I'm already late. The cord is annoyingly short, so I can't even use it comfortably near my outlet. Plus, it makes a loud rattling sound like it's about to fall apart. Definitely not worth the money—I'd recommend skipping this one and spending a bit more on a reliable brand instead.",1,ai_minimax,review,review_topic18
"The air fryer is amazing for quickly cooking frozen foods and the fish and chip recipes I tried were amazing. The separating feature and timer are extremely useful, however it does mark my counter top badly when placed down hot from use so maybe a different material for the base would be better. The egg thing is terrible and I am still yet to figure it out after a month so would not recommend paying the extra money for it.",1,ai_minimax,review,review_topic17
"I love how lightweight and easy to grip this hair dryer is—perfect for quick mornings before work. However, it’s surprisingly loud and the airflow can be unpredictable, making it hard to get a consistent result.",1,ai_mistralai,review,review_topic18
"""I love how quickly this hair dryer styles my hair, but it's surprisingly loud and the cord is way too short. Also the speed settings are not intuitive at all and the manual is cryptic. I'd recommend it only if you're not picky about those things.""",1,ai_minimax,review,review_topic18
"I expected more from this game.  The rules were unclear and the quality of pieces was poor, that affected the quality and enjoyment of the game.",1,ai_mistralai,review,review_topic19
"""Love the powerful airflow, my hair dries quickly! But the cord is too short and it's heavy. I struggle to hold it one-handed while manages two kids.  I wish it did not turn hot so easily.""",1,ai_minimax,review,review_topic18
"""The gameplay is innovative but the setup takes too long and the components feel cheap, and there’s a lack of re-playability.""",1,ai_mistralai,review,review_topic19
"""Just played my new board game, and it's a masterpiece. The mechanics are smooth, the art is stunning, and the strategy keeps you engaged. It's easy to learn but complex enough to satisfy experienced players. Highly recommend to anyone looking for a top-notch gaming experience!""",1,ai_minimax,review,review_topic19
"I absolutely love this board game! It's incredibly engaging and fun to play with friends. The rules are easy to learn, and the gameplay is strategic yet entertaining. The quality of the pieces and the board itself is top-notch. Highly recommend!",1,ai_minimax,review,review_topic19
"I absolutely love ""Ticket to Ride""! It's quick to learn, engaging, and perfect for both family game nights and client gatherings. Highly recommend for boosting team-building and fun in the workplace.",1,ai_mistralai,review,review_topic19
"I've used this electric toothbrush for a few months now. It's got a powerful clean, but it's surprisingly loud. The battery life is decent, lasting about two weeks, but the charging base is a bit finicky. Overall, it's a good investment in oral health.",1,ai_minimax,review,review_topic20
"The toothbrush is powerful, but uncomfortable on sensitive gums. The battery life is amazing, but replacement heads are expensive. It's a mixed bag.",1,ai_mistralai,review,review_topic20
"After years of manual brushing, I finally tried an electric toothbrush, specifically the Healthcare Sonicare. The oscillation is gentle yet effective but I'm still getting use to the vibrating sensation. My teeth feel cleaner, but the price is too high. Additionally, finding replacement heads is a bit of a hassle, as they're not available everywhere. Overall, a decent investment but needs more widely available supplies.",1,ai_mistralai,review,review_topic20
"I love my new electric toothbrush! It's gentle on my gums, lasts 2 weeks on a single charge, and makes brushing fun with its multiple modes and efficient cleaning.",1,ai_minimax,review,review_topic20
"I run a small childcare facility, so I went in search of a durable and reliable baby stroller. The BabyBreeze Deluxe was highly rated, but it has turned out to be a complete disaster. First, the assembly was confusing, and the instructions were completely inadequate. I had to get someone from the technical team at my facility to help me assemble it. Secondly, the stroller feels super cheap. Within the first week, the brake broke, the horns broke, and the front wheel started making a grinding noise. Lastly, customer service is literally non-existent, and I’ve had problems getting a hold of them. It’s also super hard to fold, take apart, and put back together. Nothing is worth the frustration this stroller has caused me and my staff. I would save your money and look elsewhere.",1,ai_mistralai,review,review_topic21
"Worst purchase ever!! Bought two, both broken within a month. Terrible quality, terrible customer service.",1,ai_minimax,review,review_topic20
"I absolutly loved the design and how easy it was to fold, I would recommend it 100% if it just wasn't so heavy. It's a bit more cumbersome than I had hoped.",1,ai_minimax,review,review_topic21
"""This stroller was a waste of money. It's heavy, hard to fold, and the wheels got stuck every time we went out. Totally not worth it for a busy parent like me.  I'm returning it and looking for a better option""",1,ai_mistralai,review,review_topic21
"I absolutely love this stroller! It's easy to fold, maneuver and has a spacious basket. My baby seems comfy too. Best purchase ever!",1,ai_mistralai,review,review_topic21
"I just love this stroller! It's easy to fold, and my grandkids seems comfortable.  I had trouble with mine back in the day, but this thing is a dream. Definitely recommend.",1,ai_minimax,review,review_topic21
"I'm extremely disappointed with this vacuum. It's weak, noisy, and barely picks up anything. Complete waste of money.",1,ai_mistralai,review,review_topic22
"I bought this car vacuum expecting a quick clean, but it's so weak it barely picks up anything. The hose easily gets tangled, and it’s extremely loud, which is a big issue if you're like me and value that precious silence and focus while gaming, and you're trying to keep your gaming space tidy you won't be happy with this.",1,ai_minimax,review,review_topic22
"I'm frustrated with this car vacuum. It lacks suction after just a few uses, and the battery drains way too quickly. I can't afford to constantly replace batteries, and the mess left behind makes cleaning feel like a waste of time. Not worth the money.",1,ai_minimax,review,review_topic22
"This car vacuum has been a game-changer for keeping my office space clean. The compact design and long cord make it easy to use in tight spaces, and the powerful suction picks up everything from crumbs to dust.  The HEPA filter ensures that allergens are trapped, which is great for my allergies. Plus, it's lightweight and easy to store, so I don't have to worry about finding a spot for it in my office. Highly recommended for anyone looking for a convenient and effective cleaning solution.",1,ai_mistralai,review,review_topic22
"This kettle is extremely slow to boil, heats water unevenly and the cable is too short to be convenient.  Wouldn't recommend.",1,ai_mistralai,review,review_topic23
"This car vacuum is a game-changer! It's powerful, lightweight, and fits perfectly in my small car. Picks up crumbs and dust in a flash. Highly recommend!",1,ai_minimax,review,review_topic22
"Took forever to boil, water mark streaks left on counter and plugs easily to be unplugged.",1,ai_minimax,review,review_topic23
"This electric kettle boils water quickly and heats up evenly, making morning tea a breeze. However, the power cord is quite short and it's a bit noisy when it's working.",1,ai_mistralai,review,review_topic23
"Honestly, this kettle is a dorm lifesaver! Boils water super fast for instant ramen, coffee, and tea. Compact size fits perfectly on my tiny desk. Heats evenly, easy to clean, and looks sleek. Totally worth it for the price—every student needs one!",1,ai_minimax,review,review_topic23
"This electric kettle has been a game-changer in my cafe, boiling water quickly and efficiently, keeping my customers happy and my baristas less stressed.",1,ai_mistralai,review,review_topic23
This sunscreen goes on smoothly and protects well but left me feeling greasy and smelling like a beach ball.,1,ai_mistralai,review,review_topic24
"The sunscreen is lightweight and smells great. It absorbs well and provides good coverage, but I noticed it left a slight white cast on my face, which was a bit annoying. And it tends to leave the skin feeling a bit sticky for me.",1,ai_minimax,review,review_topic24
"I expected better from a ""natural"" sunscreen. It left a greasy residue and didn't absorb well. Worst of all, it caused a rash. I'll be sticking to other brands.",1,ai_minimax,review,review_topic24
Wasted my lunch break reapplying this sunscreen. Still got burnt through my office window. Complete waste of money.,1,ai_minimax,review,review_topic24
"This sunscreen is great for the beach, but it smells horrible and leaves a weird white cast.",1,ai_mistralai,review,review_topic24
"I'm torn on this face moisturizer. It absorbs quickly and leaves my skin feeling soft, but it doesn't seem to last all day. it feels nice but I need to reapply, which is a bit inconvenient. Also, the scent is quite strong.",1,ai_mistralai,review,review_topic25
"I've been using this face moisturizer for a few weeks now, and it's a bit of a mixed bag. It absorbs quickly and leaves my skin feeling soft, which I love. However, I notice my skin feels tight and slightly dry after a few hours, and I don’t always have time to reapply is when I’m busy with the kids. The packaging makes it easy to use, and the price is reasonable and according to my skin type, the results are lackluster.",1,ai_minimax,review,review_topic25
"I've been using this face moisturizer for a month now. It's lightweight and absorbs quickly, which is great for my busy days. My skin feels hydrated, and it hasn't broken me out, which is always a concern. However, the scent is a bit strong for me, and I wish it had a pump instead of a jar to keep it fresher.",1,ai_mistralai,review,review_topic25
"I've tried many moisturizers, and this one's been a real find. It's light, absorbs quickly, and leaves my skin feeling soft and hydrated. Perfect for daily use!",1,ai_mistralai,review,review_topic25
"I've been adding this protein powder to my morning routine, and it's definitely helped me power through those long teaching days without the afternoon slump I used to struggle with. The nutrition label is solid, and I appreciate that it doesn't have a bunch of artificial junk in it. Mixing it in oatmeal or a smoothie works really well — that's where it shines.

However, I'm not thrilled with the taste when I mix it with just water. It has a chalky texture and a strange aftertaste that I can't quite place. The price is also a bit steep for a daily use product, especially on a teacher's salary. The container seal on my last order wasn't fully closed either, which was disappointing.

Overall, decent product, but room for improvement.",1,ai_minimax,review,review_topic26
This protein powder tastes awful and clumps if shaken. Worst purchase I've ever made to date.,1,ai_mistralai,review,review_topic26
"The face moisturizer feels light and is absorbed quickly, but I've noticed slight irritation after a few uses. The packaging is user friendly, but the cost is quite high for the small amount of product. I have mixed feelings about it.",1,ai_minimax,review,review_topic25
"""Tried this protein powder, game over performance. Clumpy, grainy, and tastes worse than a lag spike. Feels like a cheap trophy instead of a nutritional power-up. Skip it!""",1,ai_mistralai,review,review_topic26
"I’ve been using this protein powder for a few weeks now. It mixes well with water and doesn’t clump, which is a plus. However, the taste is a bit artificial, and it leaves a chalky aftertaste. Packaging is sturdy, but it's a bit pricey for the quality.",1,ai_minimax,review,review_topic26
"These chew toys have been a lifesaver at keeping my dogs busy when I need to work in the garden but they seem to tear through the smaller ones quite quickly. Also, buying in bulk is a bit pricey, but I do see some lasting value.",1,ai_mistralai,review,review_topic27
"I'm extremely disappointed with this protein powder. It has a terrible, chalky taste and clumps in my shaker. I won't be buying again and cannot recommend it.",1,ai_minimax,review,review_topic26
"My fur baby loves these chew toys! They're sturdy, fun, and keep her entertained for hours. I've tried cheaper ones, but these are by far the best. My dog is a happy and I'm happy to keep buying them.",1,ai_mistralai,review,review_topic27
These dog chew toys are amazing! My pup loves them and they've held up really well. The variety pack is perfect for keeping him entertained (and quiet!). Definitely worth the money!,1,ai_minimax,review,review_topic27
"His enthusiasm for new toys is gone. They are destroyed within a day, and they are hard to deal with. Rug and shoes are covered in stuffing.",1,ai_mistralai,review,review_topic27
These chew toys are amazing! My pup can destroy any toy. These have lasted a long time,1,ai_minimax,review,review_topic27
"Horrible product! It's impossible to clean, it smells terrible, and my cat hates it. I've had multiple leaks and it's already falling apart. Will definitely pass.",1,ai_mistralai,review,review_topic28
"The cat litter box is easy to clean but could be more durable, doesn't stay together long and cheap plastic scraps keep coming undone. It barely holds odor when it should be leak free.",1,ai_minimax,review,review_topic28
"I've been using this cat litter box for a few months now, and I must say, it's a mixed bag. The self-cleaning feature is a godsend for my arthritic hands, as I don't have to bend down as much. The design is sleek and fits well in my small apartment. However, the noise it makes when it cycles through the cleaning process is surprisingly loud and tends to scare my cat. Additionally, the litter often sticks to the sides, necessitating frequent manual cleaning. For the price, I expected a bit more reliability and less hassle.",1,ai_mistralai,review,review_topic28
"""Awesome find! It's so easy to clean. Just scoop, dump, and done. No more dealing with pesky clumps sticking to the sides. Plus, it’s way easier to manage than the old one. Totally worth it for peace of mind and a tidy place to crash between classes. Cat approves!""",1,ai_minimax,review,review_topic28
This winter jacket is a lifesaver! It's incredibly warm and keeps me cozy during my night shifts and commutes. Highly recommend!,1,ai_mistralai,review,review_topic29
"I've had this litter box for a few months now and it's got some good points: easy to clean and my cat seems to like it. However, the assembly instructions were super confusing and I ended up with a few scratches on my floor trying to put it together. Also, it's a bit smaller than I expected, but overall, it's okay.",1,ai_minimax,review,review_topic28
"""Worst jacket ever. Got soaked and froze in its own rainwater. Wouldn't recommend even to my in-game noobs.""",1,ai_minimax,review,review_topic29
"I must say the winter jacket is fantastic in keeping me warm. The insulation is really top-notch, I feel toasty in even the coldest of weather. However, I'm disappointed in how stiff and bulky it is. It's as though I'm wearing a duvet and I feel restricted in both movement and fashion sense. The zipper could also be more durable. I've noticed it's coming loose and I hope it last more than one season. On the other hand the waterproof when the occasional snowstorm hits is splendid.",1,ai_mistralai,review,review_topic29
"I recently purchased this winter jacket and have had a mixed experience with it. The jacket is incredibly warm and has a stylish design that I appreciate. The materials seem durable, and it fits well, I was satisfied with it on the first chilly days of autumn.

However, I've noticed that the hood doesn't stay up very well in the wind, which is a bit frustrating when I'm out and about in harsh weather. Additionally, the pockets are smaller than I'd like, making it difficult to carry my daily essentials comfortably. Despite these issues, the jacket keeps me warm, and I'm glad I bought it.",1,ai_mistralai,review,review_topic29
"This jacket is far too lightweight for true winter conditions, providing little insulation. The purchase was a huge disappointment.",1,ai_minimax,review,review_topic29
I absolutely love these hiking boots! They are incredibly comfortable and supportive.,1,ai_mistralai,review,review_topic30
"I really liked the waterproof feature of these hiking boots, they kept my feet dry in rain. However, they were a bit too narrow for me and caused some discomfort on longer hikes. The grip was excellent on rough terrain, but after a few weeks, the soles started to wear down faster than expected. Overall, decent boots but I'm not sure I’d buy again, maybe a different brand next time.",1,ai_minimax,review,review_topic30
"These boots are amazing! Bought them for a family hiking trip and they were comfortable right out of the box. Kept my feet dry and supported even on tough trails. Kids loved theirs too! Sizing is spot on, highly recommend.",1,ai_mistralai,review,review_topic30
"I love the grip on these boots, I feel really confident when hiking. However, I had to return the first pair due to discomfort and they took longer to deliver the second pair then I expected.  The sizing was off, I basically had to have an extra foot of rope to even tie them.",1,ai_minimax,review,review_topic30
"I bought these boots for a weekend hike, but they were a nightmare. Too stiff, causing blisters, and the soles weren't grippy enough for the terrain. They're uncomfortable and not worth the money.",1,ai_minimax,review,review_topic30
"The suitcase was a lifesaver during my recent business trip. It's spacious, durable, and the smooth-rolling wheels made navigating busy airports a breeze. Highly recommend!",1,ai_mistralai,review,review_topic31
"""So, I just got the Samsonite Centric Hardside Luggage. It's super durable, fits a ton of stuff, and the spin wheels are a lifesaver for navigating the airport.""

I'll definitely be using this for all my travels!",1,ai_mistralai,review,review_topic31
"Honestly, this suitcase is a vibe—spacious af and survived my flight home unscathed. Only downsides? The wheels squeak like crazy and the zipper feels sketchy. Still worth it tho.",1,ai_minimax,review,review_topic31
"The suitcase handle broke after just one trip, and the zippers are already jammed. Not sturdy at all.",1,ai_mistralai,review,review_topic31
"The TravelPro Platinum is a beast on wheels, handles like a dream, and its expandable capacity is a lifesaver. But its digital scale? Busted. I can pack the luggage, weigh it on a bathroom scale, and it would not be wrong. And for the price, I expected the straps to be stronger.",1,ai_minimax,review,review_topic31
"I bought three of these smart bulbs and they have all failed within a month. The app is glitchy and the customer service is non-existent. Very disappointed, especially considering the price. Wish I had gone with a different brand. Do not recommend.",1,ai_mistralai,review,review_topic32
"I've had these for a month and they're reliable. The phone app to control the lights is relatively intuitive for a tech guy. But there is no physical switch in the room and I can't live, fireplace, or sleep without a light. I live with these and the phone is clumsy. If you forget to turn them off, there is no switch to shut them down so you lose the entire app.",1,ai_minimax,review,review_topic32
"I've been disappointed with these smart light bulbs. They frequently disconnect from the app, making them unreliable for classroom use. The color temperature settings are also inaccurate, making it hard to create the right atmosphere for lessons.",1,ai_minimax,review,review_topic32
"I've been using these smart light bulbs for a few weeks now and they're a mixed bag. On one hand, the color changing feature is awesome; it really sets the mood for late-night gaming sessions. The voice control is also convenient. However, the app can be a bit glitchy, and the bulb frequently disconnects requiring a restart. Also, they're quite expensive. I'd recommend these if you're looking to add some fun lighting to your gaming setup, but be prepared for some technical hiccups.",1,ai_mistralai,review,review_topic32
"these bulbs are a nightmare, keeps disconnecting from wifi every other day, app is garbage, save your money and buy a different brand honestly, super frustrating",1,ai_minimax,review,review_topic32
"I bought this robot vacuum thinking it would be a game-changer, but it's been a total disappointment. It gets stuck on every little thing and only cleans about half the room before dying. Waste of money.",1,ai_mistralai,review,review_topic33
"I'm extremely disappointed with this robot vacuum. It gets stuck constantly, doesn't pick up dirt well, and the app is glitchy. I've had it for a month and it's already caused more trouble than it's worth. Waste of money!",1,ai_mistralai,review,review_topic33
I absolutely love my new robot vacuum! It keeps my dorm spotless with minimal effort.,1,ai_minimax,review,review_topic33
"Terrible experience with this robot vacuum. It's constantly getting stuck under furniture and completely missed half the dust on the floor. Worse, it left scratches on my hardwood floors. Saving money is not worth the hassle and potential damage.",1,ai_minimax,review,review_topic33
"I found the robot vacuum to be more hassle than help. It frequently got stuck and struggled with certain floor types, leaving me to finish the job myself.",1,ai_mistralai,review,review_topic33
"I'm constantly cleaning this cast iron skillet, which just does not seem to be worth it. Every meal is a chore. The food sticks like glue. Totally regrets the purchase.",1,ai_mistralai,review,review_topic34
"This cast iron skillet is heavy and cumbersome to handle, making it less practical than it is portable.
I do not have the information you requested. You may need to clarify your request.",1,ai_minimax,review,review_topic34
"I expected a standard cast iron skillet, but this piece is lightweight and flakes. Poor quality.",1,ai_minimax,review,review_topic34
"As a busy parent, I love the durability and even heat distribution of this cast iron skillet. It's great for weeknight meals, and the kids love helping cook on it (with supervision). However, it's heavy and a bit tricky to clean, especially after greasy meals. They should have instructed me on seasoning it better.",1,ai_mistralai,review,review_topic34
"Amazing chair! Comfy, easy to assemble, and great for long hours of woodworking in my home office .. I spend more time in my shop using the chair than I do at the computer!",1,ai_mistralai,review,review_topic35
"Wow, this cast iron skillet is amazing! It heats up evenly and is perfect for everything from eggs to steaks. Highly recommend!",1,ai_minimax,review,review_topic34
I am extremely disappointed with this chair. It broke within a month and customer service was rude. Terrible value for money.,1,ai_mistralai,review,review_topic35
"The chair is comfy and looks great, but the lumbar support is a bit lacking and the assembly was a pain. Worth the price for the style, but could be better in functionality.",1,ai_minimax,review,review_topic35
"The chair is amazing for long hours at work, but it's a bit tricky to assemble. Highly recommended!",1,ai_minimax,review,review_topic35
"I got this chair thinking it would support me through long study sessions, but it's a nightmare. The lumbar support is non-existent, and the adjustable height is jerky and hard to move. The padding is already flattened after a few weeks, and I wake up with back pain after each study session. I’ve tried to fix the issues, but it's clear it's just a cheaply made chair. Won’t be buying again.",1,ai_mistralai,review,review_topic35
"The standing desk has been a game-changer for my productivity, allowing me to stretch my legs throughout the day. It's sturdy and assemble was easy, the height adjustment is smooth. However, the desk makes a creaking noise when I lean on it, and the preset buttons are a bit finicky to use. It's a decent purchase, but I wish the quality was top notch.",1,ai_mistralai,review,review_topic36
I can focus better and feel so much more energized since I got this standing desk.,1,ai_minimax,review,review_topic36
"I've been using the standing desk for months, and it's been nothing but trouble. The height adjustment is finicky, and the cable management is terrible, leaving a cluttered mess. Not worth the money for something this finicky and poorly designed.",1,ai_minimax,review,review_topic36
"The standing desk has greatly improved my posture, and I love the quick adjustments. However, the assembly instructions were confusing, and I found the footrest a bit wobbly and not well-fitted.",1,ai_mistralai,review,review_topic36
"Just got the USB-C hub and it's a game changer! Plugged in three peripherals and my 4K monitor all at once. Plug-and-play, no drivers needed, and super-fast data transfer. It’s even charging my laptop at the same time. Pure heaven for a gamer like me.",1,ai_mistralai,review,review_topic37
"Yo, this USB-C hub is straight-up clutch! Plugged it in and instantly had all my peripherals locked and loaded—no lag, no drama. Latency is basically nonexistent, which is huge when I'm sweating out ranked matches. Four ports mean my mouse, keyboard, headset, and capture card all run smooth AF. Plug-and-play? Literally zero setup hassle. Build feels solid too, like it can survive a rage slam. If you main productivity AND gaming, this thing is an absolute W. Total game-changer, no cap. GG.",1,ai_minimax,review,review_topic37
"I bought this USB-C hub hoping to declutter my workspace, but it's been nothing but hassle. My devices barely recognize it, and the transfer speeds are painfully slow. The build quality feels cheap, and it's already wobbling after a few days of use. Overall, completely disappointed.",1,ai_mistralai,review,review_topic37
This standing desk wobbles constantly and the height adjustment is clunky. Major disappointment after assembly.,1,ai_minimax,review,review_topic36
"This USB-C hub is compact and works well for extra ports, but it gets warm and my laptop sometimes freezes.",1,ai_mistralai,review,review_topic37
"I'm impressed with the sound quality and comfort of these earbuds, but the battery life is disappointing. They cut out occasionally during calls and the case is a bit bulky. Wouldn't recommend for business use.",1,ai_minimax,review,review_topic38
"The USB-C hub arrival was quick but the build feels cheap. I liked the number of ports, though. One port doesn't work properly and customer service hasn't been very helpful. It's good for basic use, but not great for intense tasks.",1,ai_minimax,review,review_topic37
"Honestly super disappointed with these earbuds. I bought them for work calls at my shop and they've been nothing but a headache. The left one keeps cutting out randomly during calls with customers, super embarrassing. Battery life is way shorter than advertised, like maybe 2 hrs if ur lucky. The charging case is already acting flaky after 3 weeks too. Sound quality is ok for music I guess but thats not why I bought them. For the price I paid I expected way better. Customer service was also a joke, took them forever to reply and basically just told me to ""reset"" them. Yeah thanks thats super helpful. Save your money and get a diff brand seriously. Wish I had just went with my gut and bought the ones my buddy recommended. Live and learn I guess.",1,ai_minimax,review,review_topic38
"Oh, these earbuds are a nightmare! They constantly fall out and the sound cuts in and out. I can't even count how many times I've had to stop and adjust them while trying to work. And don't get me started on the short battery life. I expected so much more, but I'm just left feeling let down.",1,ai_mistralai,review,review_topic38
"Tried these earbuds for a week and they always fell out,battery died in 24 hours, terrible sound ,ditching",1,ai_mistralai,review,review_topic38
"I'm incredibly disappointed with this bookshelf. It arrived with missing parts, the instructions are a confusing nightmare and the branches are so unstable that hundreds of books completely fell over while unloading! I have high standards of think this is unacceptable.",1,ai_mistralai,review,review_topic39
"I love the sound quality and the comfortable fit of these wireless earbuds, they stay in place even during long shifts. However, the charging case seems a bit flimsy and the battery life could be better. It only lasts 4-5 hours of continuous use and takes forever to recharge.  Not the biggest fan of the touch controls either, often mixes up my taps and swipes. Despite these, I still find them very useful at work.",1,ai_minimax,review,review_topic38
"This bookshelf is a gamer’s dream! It’s not just sturdy and spacious, but its sleek design seamlessly blends with my gaming setup. The shelves are perfect for holding both books and consoles, and the built-in lighting adds that extra touch of coolness to my man cave. Highly recommended for any gaming enthusiast!",1,ai_minimax,review,review_topic39
"Bookshelf: Cluttered, poorly organized, and useless UI make for a frustrating experience. Avoid.",1,ai_mistralai,review,review_topic39
"As a small business owner, I appreciated the bookshelf's modern design, which impressed my clients. However, assembly was a nightmare—missing parts and vague instructions wasted hours of my time. Sturdy once up, but the hassle wasn't worth the price.",1,ai_minimax,review,review_topic39
